ID,SEG/SUB,NOME
PROD_1,0001/0001,CARTAO BANESTES VISA GOLD
PROD_2,0001/0003,CARTAO BANESTES VISA INTERNAT BANESPHONE
PROD_3,0001/0005,CARTAO BANESTES VISA INTERNAT REDE PLUS
PROD_4,0001/0004,CARTAO BANESTES VISA INTERNAT- CENTRAL DE ATEND 24 HS
PROD_5,0001/0002,CARTAO BANESTES VISA INTERNACIONAL
PROD_6,0001/0006,CARTAO BANESTES VISA GOLD-ADICIONAL MULTIPLO
PROD_7,0001/0007,CARTAO BANESTES VISA GOLD-ADICIONAL
PROD_8,0001/0008,CARTAO BANESTES VISA INTERNAC - ADICIONAL MULTIPLO
PROD_9,0001/0009,CARTAO BANESTES VISA INTERNAC - ADICIONAL
PROD_10,0001/0011,CARTAO BANESTES VISA GOLD PARC FINANC PELO LOJISTA
PROD_11,0001/0010,CARTAO BANESTES VISA GOLD PARC FINANCIADO PELO BANESTES
PROD_12,0001/0013,CARTAO BANESTES VISA INTERNAC FINANC PELO BANESTES
PROD_13,0001/0012,CARTAO BANESTES VISA INTERNAC FINANC PELO LOJISTA
PROD_14,0001/0014,CARTAO VISA GOLD PARC DE FATURA
PROD_15,0001/0015,CARTAO VISA INTER PARC DE FATURAS
PROD_16,0001/0016,CARTAO VISA GOLD - ROTATIVO NAO MIGRADO
PROD_17,0001/0017,CARTAO VISA INTERNAC- ROTATIVO NAO MIGRADO
PROD_18,0001/0018,CARTAO BANESTES VISA PLATINUM
PROD_19,0001/0019,CARTAO BANESTES VISA PLATINUM PARC FINANC PELO BANCO
PROD_20,0001/0020,CARTAO BANESTES VISA PLATINUM PARC FINANC PELO LOJISTA
PROD_21,0001/0021,CARTAO VISA PLATINUM PARC DE FATURAS
PROD_22,0001/0022,CARTAO VISA PLATINUM - ROTATIVO NAO MIGRADO
PROD_23,0001/0023,VISA GOLD SAQUE
PROD_24,0001/0024,VISA INTER SAQ
PROD_25,0001/0025,VISA PLAT SAQUE
PROD_26,0002/0001,CARTAO BANESCARD CREDITO
PROD_27,0002/0002,CARTAO BANESCARD CREDITO - ADICIONAL MULTIPLO
PROD_28,0002/0003,CARTAO BANESCARD CREDITO - ADICIONAL
PROD_29,0002/0005,CARTAO BANESCARD PARC FINANCIADO PELO LOJISTA
PROD_30,0002/0004,CARTAO BANESCARD PARC FINANCIADO PELO BANESTES
PROD_31,0002/0006,CARTAO BANESCARD PARC DE FATURAS
PROD_32,0002/0007,CARTAO BANESCARD - ROTATIVO NAO MIGRADO
PROD_33,0003/0001,TERMO DE ADESAO AO CARTAO PJ BANESTES
PROD_34,0003/0002,ADMINISTRADOR DE CARTAO PJ
PROD_35,0003/0003,ADMINISTRADOR EXECUTIVO - CARTAO PJ
PROD_36,0003/0004,PORTADOR DE CARTAO PJ
PROD_37,0003/0005,CONCESSAO DE USO DE EQUIP P.O.S NURIT 8320 E VX 510
PROD_38,0003/0006,CONCESSAO DE USO DE EQUIP P.O.S GPRS NURIT 8020
PROD_39,0003/0007,CONCESSAO DE USO DE EQUIP P.O.S GPRS NURIT 8400
PROD_40,0004/0003,BANESCARD VISA PARC FINANC PELO LOJISTA
PROD_41,0004/0001,BANESCARD VISA CREDITO
PROD_42,0004/0004,BANESCARD VISA PARC DE FATURAS
PROD_43,0004/0005,BANESCARD VISA ROTATIVO NAO MIGRADO
PROD_44,0004/0002,BANESCARD VISA PARC FINANC PELO BANCO
PROD_45,0004/0006,BANESCARD VISA SAQUE
PROD_46,0005/0001,AFILIACAO VISANET
PROD_47,0010/0001,BANESTIK CARTAO E VALE REFEICAO - EMPRESA CLIENTE
PROD_48,0010/0002,CARTAO BANESTIK ALIMENTACAO - EMPRESA CLIENTE
PROD_49,0010/0003,BANESTIK CARTAO ALIMENTACAO - CONVENIADO
PROD_50,0010/0004,BANESTIK CARTAO E VALE REFEICAO - CONVENIADO
PROD_51,0010/0005,BANESTIK REFEICAO - NAO CORRENTISTA - EMPRESA CLIENTE
PROD_52,0010/0006,CARTAO BANESTIK ALIMENTACAO -N CORRENTISTA-EMPR CLIENTE
PROD_53,0020/0001,EXPORTACAO ACC-ADIANTAMENTO SOBRE CONTRATO CAMBIO
PROD_54,0020/0002,EXPORTACAO BNDES - EXIM PRE-EMBARQUE
PROD_55,0020/0003,EXPORTACAO BNDES - EXIM PRE-EMBARQUE ESPECIAL
PROD_56,0020/0004,EXPORTACAO BNDES - EXIM POS-EMBARQUE
PROD_57,0020/0005,EXPORTACAO ACE-ADIANTAM SOBRE CONTRATO CAMBIO - LE
PROD_58,0020/0006,EXPORTACAO PRONTA
PROD_59,0021/0001,EXPORT NOTE APLICACAO
PROD_60,0021/0002,EXPORT NOTE CAPTACAO
PROD_61,0023/0003,IMPORTACAO REFINANC
PROD_62,0023/0001,IMPORTACAO CARTA DE CREDITO
PROD_63,0023/0002,IMPORTACAO FINANCIADA
PROD_64,0023/0004,IMPORTACAO PRONTA
PROD_65,0024/0001,CAPTACAO DE MOEDA ESTRANGEIRA - PRE-EXPORT - BANQUEIROS
PROD_66,0024/0002,CAPTACAO DE MOEDA ESTRANGEIRA - RESOLUCAO 63
PROD_67,0024/0003,CAPTACAO DE MOEDA ESTRANGEIRA - RESOLUCAO 2148
PROD_68,0024/0004,CAPTACAO DE MOEDA ESTRANGEIRA - RESOLUCAO 2170
PROD_69,0024/0005,CAPTACAO DE MOEDA ESTRANGEIRA - PRE-EXPORT - C.C.2108
PROD_70,0024/0006,CAPTACAO EM MOEDA ESTRANGEIRA - IMPORTACAO
PROD_71,0025/0001,OPERACAO CURSADA AO AMPARO DO C.C.R
PROD_72,0030/0001,OPERACOES DE MESA CAMBIO-COMPRA INTERBANCARIA PRONTA
PROD_73,0030/0002,OPERACOES DE MESA CAMBIO-VENDA INTERBANC PRONTA
PROD_74,0030/0003,OPERACOES DE MESA CAMBIO-COMPRA INTERBANC FUTURA
PROD_75,0030/0004,OPERACOES DE MESA CAMBIO-VENDA INTERBANC FUTURA
PROD_76,0030/0005,OPERACOES DE MESA CAMBIO-COMPRA INTERBANC EXPORT NOTE
PROD_77,0030/0006,OPERACOES DE MESA CAMBIO-VENDA INTERBANC EXPORT NOTE
PROD_78,0033/0001,ALTERACAO CONTRATO COM PRORROGACAO DE PRAZO
PROD_79,0034/0001,ALTERACAO DE CONTRATO
PROD_80,0035/0001,AVISO RECEBIMENTO CARTA DE CREDITO
PROD_81,0036/0001,AVISO REC EMENDA CARTA DE CREDITO
PROD_82,0037/0001,CONFERENCIA CHAVE TELEGRAFICA
PROD_83,0038/0001,CUSTO DE DHL
PROD_84,0039/0001,EDICAO DE CONTRATO DE CAMBIO
PROD_85,0040/0001,LIBERACAO RESTRICAO CARTA CREDITO
PROD_86,0041/0001,PGMTO ANTECIPADO
PROD_87,0042/0001,REMESSA DE DOCUMENTO EXTERIOR
PROD_88,0043/0001,MENSAGEM POR TELEX/SWIFT
PROD_89,0044/0001,EMISSAO DE CHEQUE
PROD_90,0045/0001,ORDEM DE PGTo DO EXTERIOR
PROD_91,0046/0001,ORDEM DE PGTo PARA O EXTERIOR
PROD_92,0047/0001,TRANSFERENCIA DE CREDITO P/ OUTRO BANCO
PROD_93,0048/0001,EMENDA DE CARTA DE CREDITO
PROD_94,0049/0001,EMISSAO DE CARTA DE CREDITO
PROD_95,0051/0001,COBRANCA A VISTA E A PRAZO
PROD_96,0053/0001,TRANSFERENCIA DE COBRANCA
PROD_97,0054/0005,M.C.T.F. VENDA DE ORDEM DE PGMTO
PROD_98,0054/0001,M.C.T.F.COMPRA DE ESPECIE
PROD_99,0054/0002,M.C.T.F. COMPRA DE TRAVELERS CHEQUE
PROD_100,0054/0003,M.C.T.F.COMPRA DE ORDEM DE PGMTO
PROD_101,0054/0004,M.C.T.F.VENDA DE TRAVELERS CHEQUE
PROD_102,0054/0006,M.C.T.F . VENDA DE ESPECIE
PROD_103,0054/0007,M.C.T.F COMPRA DE CHEQUE
PROD_104,0054/0008,M.C.T.F VENDA DE CHEQUE
PROD_105,0054/0010,M.C.T.F EURO TURISMO VENDA DE ESPECIE - EUR
PROD_106,0054/0009,M.C.T.F EURO TURISMO COMPRA DE ESPECIE - EUR
PROD_107,0054/0011,FINANCEIRO COMPRA
PROD_108,0054/0012,FINANCEIRO VENDA
PROD_109,0055/0001,DEPOSITOS NO EXTERIOR EM MOEDAS ESTRANGEIRAS
PROD_110,0056/0001,OPERACOES CAMBIO A VISTA E/OU S ADIANT MOEDA NAC-USD
PROD_111,0056/0002,OPERACOES CAMBIO A VISTA E/OU S ADIANT MOEDA NAC-EUR
PROD_112,0056/0003,OPERACOES CAMBIO A VISTA E/OU S AD MOEDA NAC-DEMAIS MOEDAS
PROD_113,0056/0004,ARBITRAGEM COMPRA
PROD_114,0056/0005,ARBITRAGEM VENDA
PROD_115,0065/0001,GARANTIA EM MOEDA ESTRANG - FIANCA EM MOEDA ESTRANG
PROD_116,0065/0005,GARANTIA EM MOEDA ESTRANG - STAND BY LETTER OF CREDIT
PROD_117,0065/0004,GARANTIA EM MOEDA ESTRANG - PERFORMANCE BOND
PROD_118,0065/0003,GARANTIA EM MOEDA ESTRANG - BID BOND
PROD_119,0065/0002,GARANTIA EM MOEDA ESTRANG - AVAL EM MOEDA ESTRANG
PROD_120,0065/0006,GAR. EM MOEDA EST STANDYBYLETTER OF C BANESCARD
PROD_121,0066/0001,GAR EM MOEDA NAC-CARTA FIANCA C/GAR.APLIC.FINANC.
PROD_122,0066/0004,GARANTIA EM MOEDA NAC - CARTA DE FIANCA
PROD_123,0066/0005,"GAR EM MOEDA NAC-LIC, LEIL, PREST SERV OU EXEC OBRAS"
PROD_124,0066/0008,GARANTIA EM MOEDA NAC-OUTROS AVAIS
PROD_125,0066/0006,GAR EM MOEDA NAC-FORNECIMENTO DE MERCADORIAS
PROD_126,0066/0009,GARANTIA EM MOEDA NAC-OUTRAS FIANCAS
PROD_127,0066/0010,GARANTIA EM MOEDA NAC-OUTRAS GARANTIAS
PROD_128,0066/0007,GAR EM MOEDA NAC-PROC JUD E ADM DE NATUREZA FISCAL
PROD_129,0068/0001,CONTA JOVEM BANESTES
PROD_130,0068/0002,CONTA UNIVERSITARIA BANESTES
PROD_131,0070/0001,DESCONTO DE DUPLICATAS
PROD_132,0071/0001,DESCONTO DE NOTA PROMISSORIA PF
PROD_133,0071/0002,DESCONTO DE NOTA PROMISSORIA PJ
PROD_134,0072/0001,EXCESSO DE LIMITE PF
PROD_135,0072/0002,EXCESSO DE LIMITE PJ
PROD_136,0073/0001,CHEQUE CONFIANCA BANESTES
PROD_137,0073/0002,CHEQUE CONFIANCA FIDELIDADE BANESTES
PROD_138,0073/0003,CONTA ESPECIAL BANESCARD
PROD_139,0074/0001,CHEQUE CONFIANCA EMPRESA
PROD_140,0075/0001,ADIANTAMENTO A DEPOSITANTES PF
PROD_141,0075/0002,ADIANTAMENTO A DEPOSITANTES PJ
PROD_142,0077/0001,REPASSE RESOLUCAO 63
PROD_143,0078/0003,CONTA GARANTIDA COM CAUCAO DE TITULOS
PROD_144,0078/0008,CONTA GARANTIDA COM GARANTIA CDB - PF
PROD_145,0078/0004,CONTA GARANTIDA COM HIPOTECA - PF
PROD_146,0078/0006,CONTA GAR C/ ALIENACAO FIDUCIARIA - PF
PROD_147,0078/0007,CONTA GAR C/ ALIENACAO FIDUCIARIA - PJ
PROD_148,0078/0005,CONTA GAR C/ GARANTIA HIPOTECA - PJ
PROD_149,0078/0001,CONTA GARANTIDA - PF
PROD_150,0078/0002,CONTA GARANTIDA - PJ - AVAL
PROD_151,0078/0009,CONTA GARANTIDA COM GARANTIA DE CDB- PJ
PROD_152,0078/0013,CONTA GAR C/ GARANTIA DE RECEBIVEIS DE TERCEIROS
PROD_153,0078/0011,CONTA GARANTIDA COM CAUCAO DE CHEQUES
PROD_154,0078/0010,CONTA GARANTIDA - ANTECIPACAO VISANET
PROD_155,0078/0012,CONTA GARANTIDA  - EMPRESTIMOS ICMS-FUNDAP
PROD_156,0078/0014,CONTA GAR - BANESCARD - TITULARES DE CARTAO DE CRED
PROD_157,0078/0015,CONTA GARANTIDA DE INVEST
PROD_158,0078/0016,CONTA GAR C/ ALIENACAO FIDUCIARIA DE IMOVEIS PF
PROD_159,0078/0017,CONTA GAR C/ ALIENACAO FIDUCIARIA DE IMOVEIS PJ
PROD_160,0078/0018,CREDITO ROTATIVO PORTUARIO
PROD_161,0078/0019,CONTA GARANTIDA COM GARANTIA DE WARRANT - PJ
PROD_162,0078/0020,CONTA GARANTIDA COM AMORTIZACAO AUTOMATICA
PROD_163,0078/0021,CONTA GARANTIDA REVENDEDORA DE VEICULOS
PROD_164,0078/0022,CONTA GARANTIDA IMOBILIARIA
PROD_165,0078/0023,CONTA GARANTIDA - RECEBIVEIS BANESCARD
PROD_166,0078/0030,CONTA GARANTIDA RECEBIVEIS
PROD_167,0078/0025,CONTA GARANTIDA PRONAF
PROD_168,0078/0026,CONTA GARANTIDA TICKET
PROD_169,0078/0027,CONTA GAR ALIENA. IMOVEIS PJ. GARANTIA IMOVEL PROPRIO
PROD_170,0079/0001,CREDITO ROTATIVO PMES
PROD_171,0080/0001,ARO - ANTECIPACAO DE RECEITA ORCAMENTARIA
PROD_172,0081/0003,CHEQUE MONEY CAUCAO DE CHEQUES - PJ
PROD_173,0081/0004,CHEQUE MONEY - DESCONTO DE CHEQUES PF
PROD_174,0081/0005,CHEQUE MONEY- DESCONTO DE CHEQUE PJ
PROD_175,0083/0001,DESCONTO DE TITULOS (LIMITE ANTEC. RECEBIVEIS)
PROD_176,0083/0002,DESCONTO DE DUPLICATA
PROD_177,0083/0003,DESCONTO DE CHEQUES
PROD_178,0083/0004,DESCONTO DE CHEQUE ELETRONICO
PROD_179,0083/0005,DESCONTO DE NOTA PROMISSORIA - NP
PROD_180,0083/0007,ANTECIPACAO RECEBIVEIS VISA
PROD_181,0083/0008,ANTECIPACAO RECEBIVEIS CIELO
PROD_182,0083/0009,ANTECIPACAO RECEBIVEIS BANESCARD
PROD_183,0083/0013,DESCONTO DE CHEQUE PF
PROD_184,0083/0010,ANTECIPACAO DE RECEBIVEIS BANESTIK
PROD_185,0083/0012,ANTECIPACAO RECEBIVEIS MASTERCARD
PROD_186,0086/0001,VENDOR BANESTES
PROD_187,0087/0001,ANTECIPACAO DE RECEBIVEIS BANESCARD
PROD_188,0090/0001,CREDIFACIL SALARIO
PROD_189,0090/0002,CREDIFACIL SERV PUBL EST/MUN-EFETIVOS
PROD_190,0090/0003,CREDIFACIL EMPREGADOS E APOSENTADOS DO SFB
PROD_191,0090/0004,CREDITO ROTATIVO PARCELADO
PROD_192,0090/0005,CREDITO RAPIDO BANESTES
PROD_193,0090/0006,CREDIFACIL SERV PUBL ESTADUAL/MUNICIPAL -  DT
PROD_194,0090/0007,ANTECIPACAO SALARIAL - REPOSICAO
PROD_195,0090/0008,CREDITO PESSOAL P/ EMPREG DO SFB PROG SOCIO ECON
PROD_196,0090/0009,CREDIFACIL INSTITUTO DE PREVIDENCIA
PROD_197,0090/0010,CREDIFACIL SERV IPAMV
PROD_198,0090/0012,CREDIFACIL SERV PUBL EST/MUN-EFETIVOS-CCE
PROD_199,0090/0011,CREDIFACIL SALARIO - CCE
PROD_200,0090/0013,CREDIFACIL EMPREGADOS E APOSENTADOS DO SFB - CCE
PROD_201,0090/0014,ANTECIPACAO PRECATORIOS
PROD_202,0090/0015,CREDIFACIL PORTABILIDADE - SERV
PROD_203,0090/0016,CREDIFACIL PARCELAMENTO DE CARTAO DE CREDITO
PROD_204,0090/0017,CREDIFACIL PORTABILIDADE - CLIENTES EM GERAL
PROD_205,0090/0018,CREDITO SERV DT - CCE
PROD_206,0090/0019,CREDITO ESTAGIARIO NIVEL SUPERIOR SFB
PROD_207,0090/0020,CREDITO ESTAGIARIO NIVEL SUPERIOR SFB - CCE
PROD_208,0090/0021,CREDIFACIL TITULAR DE CARTORIO
PROD_209,0090/0022,ANTECIP SALARIAL - PREFEITURA MUN DE IBITIRAMA
PROD_210,0090/0023,CREDIFACIL PARCELAMENTO DE CHECON
PROD_211,0090/0024,ANTECIP SALARIAL-PREF MUN DE DIVINO SAO LOURENCO
PROD_212,0091/0001,FINANC DE BENS - PF
PROD_213,0091/0002,FINANC DE ECF - EQUIP EMISSOR DE CUPOM FISCAL
PROD_214,0091/0003,FINANC DE BENS - PJ
PROD_215,0091/0005,FINANC DO IPVA - PF
PROD_216,0091/0006,FINANC DO IPVA - PJ
PROD_217,0091/0004,FINANC DE BENS PARA EMPREGADOS DO SFB
PROD_218,0091/0007,FINANC DE VEICULOS PF
PROD_219,0091/0008,FINANC DE MOTOS PF
PROD_220,0091/0009,FINANC DE BENS IMOVEIS RETOMADOS PJ
PROD_221,0091/0010,CREDIFACIL MATERIAL DE CONSTRUCAO BANESTES
PROD_222,0091/0011,FINANC DE VEICULOS PJ
PROD_223,0091/0012,FINANC DE ELETRODOMESTICOS
PROD_224,0091/0017,FINANC DE VEICULOS NOVOS - PF
PROD_225,0091/0021,FINANC DE VEICULOS NOVOS - PJ
PROD_226,0091/0013,CREDIFACIL CIPASA
PROD_227,0091/0014,FINANC DE TRIBUTOS - MICROEMPREENDEDOR
PROD_228,0091/0022,CREDIFACIL POS GRADUACAO/MBA
PROD_229,0091/0023,CREDIFACIL POS GRADUACAO FUNCIONARIOS SFB
PROD_230,0091/0024,FINANC DE BENS EMERGENCIAL
PROD_231,0091/0027,FINANC DE VEICULOS - SERV
PROD_232,0091/0016,FINANC ENERGIA LIMPA PJ
PROD_233,0091/0015,CREDITO ENERGIA LIMPA/PF
PROD_234,0091/0018,FINANC DE BENS IMPORTADOS RURAIS
PROD_235,0091/0019,FINANC DE MOTOS PREMIUM
PROD_236,0091/0020,FINANC DE BENS IMOVEIS RETOMADOS PF
PROD_237,0091/0028,FINANC DE VEICULOS HIBRIDOS E ELETRICOS PF
PROD_238,0091/0029,FINANC DE VEICULOS HIBRIDOS E ELETRICOS PJ
PROD_239,0091/0025,FINANC CRESCER CIDADES GARANTIA UNIAO
PROD_240,0091/0026,FINANC CRESCERCIDADES GARANTIA QPM ICMS
PROD_241,0092/0001,CONSIG EM FOLHA PGMTO
PROD_242,0092/0003,CONSIG EM FOLHA PGMTO - EMPRESA PRIVADA
PROD_243,0092/0002,CONSIG EM FOLHA PGMTO - SERV PUBL
PROD_244,0092/0004,CONSIG EM FOLHA PGMTO-SERV PUB SIND C/ VERBA
PROD_245,0092/0006,CONSIGN EM FOLHA PGMTO-SERV PUBL SIN S VERBA
PROD_246,0092/0005,EMPREGADO DE EMPRESA PRIVADA
PROD_247,0092/0007,CONSIG EM FOLHA PGMTO-EMPRESA PRIVADA SIND S/ VERB
PROD_248,0092/0008,CONSIG EM FOLHA PGMTO-SERV PUBL N SINDICAL
PROD_249,0092/0009,CONSIG EM FOLHA PGMTO-EMPRESA PRIVADA N SINDICALI
PROD_250,0092/0010,CONSIG FOLHA PGMTO-SERV PUBL MUNICIPAL DT
PROD_251,0092/0012,CONSIG EM FOLHA PGMTO - SERV PUBL EFETIVO
PROD_252,0092/0013,CONSIG EM FOLHA PGMTO -BENEFICIARIOS INSS
PROD_253,0092/0102,CONSIG EM FOLHA PGMTO - SERV PUBL - CCB
PROD_254,0092/0110,CONSIG EM FOLHA PGMTO - SERV PUBL DT/COMIS - CCB
PROD_255,0092/0112,CONSIG EM FOLHA PGMTO - SERV PUBL EFETIVO CCB
PROD_256,0092/0014,CONSIG EM FOLHA PGMTO SERV.PUB.EST-ALONGAMENTO
PROD_257,0092/0015,CONSIG EMP PRIV COM GARANTIA DE AVAL
PROD_258,0092/0103,CONSIG EM FOLHA PGMTO - EMPRESA PRIVADA - CBF
PROD_259,0092/0105,CONSIG EM FOLHA PGMTO-EMPR PRIV SIND COM VERB - CBF
PROD_260,0092/0016,CONSIG EM FOLHA PGMTO - SERV PUBL FEDERAL
PROD_261,0092/0018,CONSIG EM FOLHA PGMTO SERV PUBL COMISSIONADO
PROD_262,0092/0118,CONSIG EM FOLHA PGMTO - SERV PUBL COMISSIONADO
PROD_263,0092/0116,CONSIG SERV PUBL FEDERAL-CORRESPONDENTE
PROD_264,0092/0022,CONSIG EM FOLHA PGMTO- SERV PUB EST EFET OU APO 57M
PROD_265,0092/0028,CONSIG EM FOLHA PGMTO-SERV PUB EST COMISS 57 MESES
PROD_266,0092/0122,CONSIG EM FOLHA PGMTO- SERV PUB EST EFET OU APOS 57-COR
PROD_267,0092/0128,CONSIG EM FOLHA PAGAM- SERV PUB EST COMIS 57 MESES COR
PROD_268,0092/0020,CONSIG EM FOLHA PGMTO-SERV PUBL-EMERGENCIAL
PROD_269,0092/0011,CONSIG EM FOLHA PGMTO SERV PUBL CCE
PROD_270,0093/0001,PARCERIA EMPRESARIAL
PROD_271,0093/0002,CRED BANESTIK PJ
PROD_272,0094/0001,CAPITAL DE GIRO
PROD_273,0094/0002,CAPITAL DE GIRO MANUAL
PROD_274,0094/0003,CAPITAL DE GIRO COM RECEBIVEIS DE TERCEIROS
PROD_275,0094/0004,GIRO EMPRESARIAL
PROD_276,0094/0005,CAPITAL DE GIRO EMERGENCIAL
PROD_277,0094/0006,INVESTGIRO BANESTES/FAMPES
PROD_278,0094/0007,INVEST BANESTES/FAMPES
PROD_279,0094/0011,GIRO AUTOMATICO - CCE
PROD_280,0094/0008,CAPITAL DE GIRO - AVAL
PROD_281,0094/0009,CAPITAL DE GIRO - CORRESPONDENTE
PROD_282,0094/0010,CAPITAL DE GIRO PARCELA DE ENCARGOS NA CARENCIA
PROD_283,0094/0012,CAPITAL DE GIRO - BANESCARD
PROD_284,0094/0013,CAPITAL DE GIRO - VISA
PROD_285,0094/0014,CAPITAL DE GIRO EMPREENDEDOR
PROD_286,0094/0015,CAPITAL DE GIRO EMPREENDEDOR - CLEAN
PROD_287,0094/0018,CAPITAL DE GIRO AVAL
PROD_288,0094/0021,CAPITAL DE GIRO
PROD_289,0094/0016,CRED INVEST
PROD_290,0094/0017,CRED GIRO
PROD_291,0094/0022,CAPITAL DE GIRO C/ PGMTO DE ENCARGOS NA CARENCIA
PROD_292,0094/0026,CRED INVEST C/ ENCARGOS NA CARENCIA
PROD_293,0094/0027,CRED GIRO COM ENCARGOS NA CARENCIA
PROD_294,0094/0028,CAPITAL DE GIRO COM GARANTIA DE RECEBIVEIS SUS
PROD_295,0094/0029,CRED INV ENCARGOS CAR SEBRAE GAR IMOVEL PROPRIO
PROD_296,0094/0030,CAPITAL DE GIRO EMERGENCIAL PME
PROD_297,0094/0031,CAPITAL DE GIRO EMERG - PAND CORONAVIRUS
PROD_298,0094/0032,CAPITAL DE GIRO EMERG - FOLHA DE PGMTO COVID19
PROD_299,0094/0033,CAPITAL DE GIRO-FGO PRONAMPE
PROD_300,0094/0034,CAPITAL DE GIRO-ANTECIPACAO PIX
PROD_301,0094/0035,CAPITAL DE GIRO PARCELAMENTO DE CEB
PROD_302,0094/0036,GIRO PRONAMPE PROFISSIONAL LIBERAL
PROD_303,0094/0037,CAPITAL DE GIRO FGO PRONAMPE
PROD_304,0094/0038,CAPITAL DE GIRO MADE IN ES
PROD_305,0094/0039,CAPITAL DE GIRO ACELERA
PROD_306,0094/0040,CAPITAL DE GIRO EXCLUSIVE
PROD_307,0095/0001,FINANC DE TELEFONES
PROD_308,0095/0002,REFINANC DE TELEFONE
PROD_309,0095/0004,FINANC - REDE BANESCARD PF
PROD_310,0095/0003,FINANC REDE BANESCARD
PROD_311,0096/0001,FINANC DE BENS E SERVICOS - BANESTES FINANC
PROD_312,0096/0002,CDC LOJA - CREDCOMPRAS
PROD_313,0096/0003,BANESTES CDC TURISMO
PROD_314,0096/0006,BANESTES CDC ODONTO
PROD_315,0096/0004,FINANC DE BENS E SERVICOS -PF- BANESTES FINANC
PROD_316,0096/0005,FINANC DE BENS E SERVICOS- PJ - BANESTES FINANC
PROD_317,0096/0007,FINANC DE BENS E SERVICOS-PF-BANESTES FINANC
PROD_318,0097/0001,EMPRESTIMO PESSOAL - BANESTES FINANCEIRA
PROD_319,0097/0002,EMPRESTIMO PESSOAL IPVA - BANESTES FINANCEIRA
PROD_320,0097/0003,EMPRESTIMO PESSOAL- CDC TURISMO
PROD_321,0097/0004,EMPRESTIMO PESSOAL - BANESTES FINANCEIRA
PROD_322,0097/0005,BANESTES CDC TURISMO
PROD_323,0098/0001,CREDIPVA
PROD_324,0098/0002,CRED BANESTIK PF
PROD_325,0099/0001,CREDIFACIL- PUBL GERAL
PROD_326,0099/0002,CREDIFACIL BENEFICIO
PROD_327,0099/0003,ANTECIPACAO DE 13  SALARIO
PROD_328,0099/0012,CREDIFACIL BENEFICIO - CCE
PROD_329,0099/0011,CREDIFACIL CCE
PROD_330,0099/0004,CREDIFACIL EMPREGADOS E APOSENTADOS SFB - ACOES
PROD_331,0099/0005,CREDIFACIL PORTUARIO
PROD_332,0099/0006,CREDIFACIL - AGENTES DE SEGURANCA
PROD_333,0099/0007,CREDIFACIL EMERGENCIAL
PROD_334,0099/0008,CREDIFACIL IMOVEL (HOME EQUITY)
PROD_335,0099/0009,CREDIFACIL AUTOMOVEL
PROD_336,0099/0013,ANTECIPACAO SALARIAL
PROD_337,0099/0360,ANTECIPACAO DE 13 SALARIO - SERV
PROD_338,0099/0014,CREDIFACIL PLUS
PROD_339,0100/0001,RESTITUICAO DO IMPOSTO DE RENDA
PROD_340,0101/0008,RESSARCIMENTO POR RESPONSABILIDADE CIVIL
PROD_341,0101/0009,RESSARCIMENTO POR RESPONS CIVIL- ACORDO NOS AUTOS
PROD_342,0102/0001,CONVENIO SINDIFISCAL
PROD_343,0102/0002,CONVENIO SINDIPOL
PROD_344,0102/0003,CONVENIO SINDELPO
PROD_345,0102/0004,CONVENIO SINDICATO DOS SERV PUB DO EST DO ES
PROD_346,0104/0001,CARTAO CREDCOMPRAS ELETRONICO
PROD_347,0104/0002,CARTAO EXTRABOM BANESTES
PROD_348,0105/0001,COMPROR BANESTES - AVAL
PROD_349,0105/0002,COMPROR BANESTES - GARANTIA REAL
PROD_350,0106/0001,CESSAO DE CRED ADQUIRIDO COM OBRIGACAO DO CEDENTE
PROD_351,0106/0002,CESSAO DE CRED COM OBRIGACAO - RESOLUCAO 3533
PROD_352,0107/0010,CREDITO INVEST COM PGMTO DE ENCARGOS NA CARENCIA
PROD_353,0107/0001,CREDITO INVEST
PROD_354,0107/0011,CRED INV ENCARGOS NA CARENCIA. GAR IMOVEL PROPRIO
PROD_355,0107/0003,CREDITO INVEST PARCERIA BANESTES E BANDES LIDER
PROD_356,0107/0002,CREDITO INVEST PARCERIA BANESTES LIDER E BANDES
PROD_357,0107/0004,CREDITO INVEST PARCELAMENTO CARTAO BNDES
PROD_358,0107/0012,CREDITO INVEST ACELERA
PROD_359,0107/0013,CREDITO INVEST EXCLUSIVE
PROD_360,0108/0001,FINANC A EXPORTACAO
PROD_361,0108/0010,FINANC A EXPORTACAO COM ENCARGOS NA CARENCIA
PROD_362,0108/0002,NOTA DE CREDITO A EXPORTACAO INDIRETA
PROD_363,0110/0001,ARRENDAMENTO MERCANTIL PJ BENS VIDA UTIL ATE 5 ANOS
PROD_364,0110/0002,ARRENDAMENTO MERCANTIL PJ BENS VIDA UTIL ACIMA 5 ANOS
PROD_365,0110/0003,ARRENDAMENTO MERCANTIL - VEICULOS PJ
PROD_366,0110/0004,LEASING BANES AUTO PF
PROD_367,0110/0005,ARRENDAMENTO MERCANTIL-FUNCIONARIO-AUTOMOVEIS
PROD_368,0110/0006,ARRENDAMENTO MERCANTIL/POS/MICROCOMP/IMPRESSORA
PROD_369,0110/0007,TITULOS PUBLS FEDERAIS - LFT - APLICACAO OVER
PROD_370,0110/0008,DEPOSITO INTERFINANCEIRO - PRE-FIXADO - CAPTACAO
PROD_371,0110/0009,LEAS CONSIG EM FOLHA - VEICULOS -  EMPRESA PRIV
PROD_372,0110/0010,LEAS CONSIG FOLHA MAQ EQUIP VIDA UTIL ATE 5A EMP PRIV
PROD_373,0110/0012,LEAS CONSIG EM FOLHA - VEICULOS - EMP PUBL
PROD_374,0110/0013,LEAS CONSIG FOLHA MAQ EQUIP VIDA UTIL ATE 5A EMP PUBL
PROD_375,0110/0015,ARRENDAMENTO MERCANTIL VEICULOS - PF
PROD_376,0110/0016,ARREND MERC - BENS COM VIDA UTIL ATE 05 ANOS - PF
PROD_377,0110/0017,ARREND MERC PF - BENS COM VIDA UTIL ACIMA 05 ANOS
PROD_378,0110/0018,LEASING AUTOMOVEIS GEREL
PROD_379,0120/0001,CUSTEIO AGRICOLA
PROD_380,0120/0002,PROGER PRONAMP - CUSTEIO AGRICOLA
PROD_381,0120/0003,CUSTEIO AGRICOLA - R. LIVRE
PROD_382,0120/0004,CUSTEIO AGRICOLA - LASTREADO POR DIR
PROD_383,0121/0001,CUSTEIO PECUARIO
PROD_384,0121/0002,PROGER PRONAMP - CUSTEIO PECUARIO
PROD_385,0121/0003,CUSTEIO PECUARIO - R. LIVRE
PROD_386,0121/0004,CUSTEIO PECUARIO - LASTREADO POR DIR
PROD_387,0122/0001,INVEST AGRICOLA
PROD_388,0122/0002,PRONAMP - INVEST AGRICOLA
PROD_389,0123/0001,INVEST PECUARIO
PROD_390,0123/0002,PRONAMP - INVEST PECUARIO
PROD_391,0124/0001,PROG NAC APROV VARZEAS IRRIGAVEIS/APLICACAO
PROD_392,0124/0002,PROGR NAC DE APROV DE VARZEAS IRRIGAVEIS/REPASSE
PROD_393,0125/0001,PROG DE CREDITO RURAL DIFERENCIADO/APLICACAO
PROD_394,0125/0002,PROG DE CREDITO RURAL DIFERENCIADO/REPASSE
PROD_395,0126/0002,PROG NAC DE FORTALEC AGRIC FAMILIAR- INVEST
PROD_396,0126/0001,PROG NAC DE FORTALEC AGRIC FAMILIAR - CUSTEIO
PROD_397,0126/0004,PRONAF BNDES
PROD_398,0126/0005,PROG NAC DE FORT AGRIC FAMILIAR GRUPO E CUSTEIO
PROD_399,0126/0006,PROG NAC DE FORT DA AGRIC FAMILIAR GRUPO E INVEST
PROD_400,0126/0008,PROG NAC DE FORTALEC AGRIC FAMILIAR-CUSTEIO AGRIC
PROD_401,0126/0009,PROG NAC DE FORTALEC AGRIC FAMILIAR- CUSTEIO PEC
PROD_402,0131/0001,FISCALIZACAO E AVALIACAO
PROD_403,0132/0001,CONTA GRAFICA
PROD_404,0133/0001,ADITIVO CONTRATUAL RURAL
PROD_405,0134/0001,SUBSTITUICAO DE GARANTIA RURAL
PROD_406,0135/0001,LIBERACAO DE HIPOTECA RURAL
PROD_407,0136/0001,CANCELAMENTO CONTRATO JA DEFERIDO
PROD_408,0137/0002,RENEGOCIACAO RURAL - SECURITIZACAO
PROD_409,0137/0003,SECURITIZACAO 2471
PROD_410,0138/0001,FUNCAFE - COLHEITAS DE CAFE
PROD_411,0138/0002,FUNCAFE - REPASSE         E
PROD_412,0138/0003,FUNCAFE - ESTOCAGEM DE CAFE
PROD_413,0138/0004,FUNCAFE - CUSTEIO
PROD_414,0138/0005,FUNCAFE - TORREFACAO - CAPITAL DE GIRO P/ INDUSTRIAS
PROD_415,0138/0006,FUNCAFE - CAFE SOLUVEL - CAPITAL DE GIRO P/ INDUSTRIAS
PROD_416,0138/0008,FUNCAFE - RECUPERACAO DE CAFEZAIS DANIFICADOS
PROD_417,0138/0007,FUNCAFE - FAC - FINANC PARA AQUISICAO DE CAFE
PROD_418,0138/0009,FUNCAFE COMERCIALIZACAO
PROD_419,0140/0001,CUSTEIO LCA -  TAXAS CONTROLADAS
PROD_420,0142/0001,INVEST LCA
PROD_421,0142/0002,INVEST LCA - PARCERIAS EMPRESAS
PROD_422,0143/0001,LCA COMERCIALIZACAO
PROD_423,0150/0001,FINAME AUTOMATICO
PROD_424,0150/0003,FINAME AGRICOLA
PROD_425,0150/0002,FINAME ESPECIAL
PROD_426,0150/0004,FINAME
PROD_427,0150/0005,FINAME-REPASSE
PROD_428,0150/0006,FINAME IMPORTACAO
PROD_429,0150/0007,BNDES PROGEREN/GIRO
PROD_430,0150/0008,BNDES PROGEREN
PROD_431,0150/0009,FINAME MODERMAQ
PROD_432,0150/0010,FINAME MODERMAQ
PROD_433,0150/0011,BNDES PROCOMP
PROD_434,0150/0012,BNDES PROCOMP
PROD_435,0150/0013,FINAME PROCAMINHONEIRO
PROD_436,0150/0014,FINAME PROCAMINHONEIRO - REPASSE
PROD_437,0150/0015,FINAME PROESCOLAR
PROD_438,0150/0016,FINAME PROESCOLAR
PROD_439,0150/0017,PROG BNDES DE SUSTENTACAO DO INVESTIMETO
PROD_440,0150/0018,PROG BNDES DE SUSTENTACAO DO INVEST
PROD_441,0150/0019,PROG BNDES DE SUSTENTACAO DO INVEST
PROD_442,0150/0020,PROG BNDES DE SUSTENTACAO DO INVEST
PROD_443,0150/0021,PROG BNDES DE SUSTENTACAO DO INVEST - BNDES PSI
PROD_444,0150/0022,PROG BNDES DE SUSTENTACAO DO INVEST - BNDES PSI
PROD_445,0150/0023,FINAME-TLP
PROD_446,0150/0024,FINAME-TLP-REPASSE
PROD_447,0150/0025,BNDES GIRO-TLP PEQUENAS EMPRESAS
PROD_448,0150/0026,BNDES GIRO-TLP-REPASSE
PROD_449,0150/0027,BNDES-FUNDO CLIMA
PROD_450,0150/0028,BNDES-FUNDO CLIMA - REPASSE
PROD_451,0150/0029,BNDES - FINAME TFB
PROD_452,0150/0030,BNDES FINAME TFB
PROD_453,0150/0031,BNDES GIRO - TFB
PROD_454,0150/0032,BNDES GIRO TFB PASSIVO
PROD_455,0151/0001,RENEGOCIACAO -FINAME
PROD_456,0151/0002,RENEGOCIACAO -FUNRES
PROD_457,0153/0001,FUNRES INVEST FIXO MISTO
PROD_458,0153/0002,FUNRES INVEST SEMI-FIXO
PROD_459,0153/0004,FUNRES - REPASSE
PROD_460,0153/0003,FUNRES - REPASSE
PROD_461,0154/0001,FUNGETUR - REPASSE
PROD_462,0154/0002,FUNGETUR -FUNDO GERAL DE TURISMO
PROD_463,0155/0001,EXTRATOS FINANC
PROD_464,0156/0001,CANCELAMENTO PROPOSTA FINAME
PROD_465,0157/0001,ADITIVO CONTRATUAL INDUSTRIAL
PROD_466,0158/0001,SUBSTITUICAO DE GARANTIA INDUSTRIAL
PROD_467,0159/0001,LIBERACAO DE ALIENACAO FIDUCIARIA - INDUSTRIAL
PROD_468,0160/0001,LIBERACAO DE HIPOTECA - INDUSTRIAL
PROD_469,0162/0001,PREFEITURAS
PROD_470,0163/0001,BNDES AUTOMATICO/PRORENOVA
PROD_471,0163/0002,BNDES AUTOMATICO
PROD_472,0163/0003,BNDES REVITALIZA
PROD_473,0163/0004,BNDES REVITALIZA
PROD_474,0163/0005,BNDES REVITALIZA TAXA FIXA - INVEST
PROD_475,0163/0006,BNDES REVITALIZA TAXA FIXA - INVEST REPASSE
PROD_476,0163/0007,BNDES REVITALIZA TAXA FIXA - GIRO
PROD_477,0163/0008,BNDES REVITALIZA TAXA FIXA - GIRO - REPASSE
PROD_478,0163/0010,PROG ESPECIAL DE CREDITO/ PROGEREN
PROD_479,0163/0009,PROG ESPECIAL DE CREDITO/PROGEREN
PROD_480,0163/0012,PRO.BNDES EMERG.RECONST MUN AFET POR D NATURAIS
PROD_481,0163/0011,PRO.BNDES EMERG.RECONST MUN AFET POR D NATURAIS
PROD_482,0163/0013,PRO.BNDES EMERG.RECONST MUN AFET POR D NATURAIS
PROD_483,0163/0014,PRO.BNDES EMERG.RECONST MUN AFET POR D NATURAIS
PROD_484,0163/0015,BNDES AUTOMATICO-TLP
PROD_485,0163/0016,BNDES AUTOMATICO - TLP - REPASSE
PROD_486,0164/0003,FINAME MODERFROTA
PROD_487,0164/0004,FINAME MODERFROTA
PROD_488,0164/0007,BNDES PRODECOOP
PROD_489,0164/0008,BNDES PRODECOOP
PROD_490,0164/0009,BNDES PRODEAGRO
PROD_491,0164/0010,BNDES PRODEAGRO
PROD_492,0164/0005,BNDES MODERINFRA
PROD_493,0164/0006,BNDES MODERINFRA
PROD_494,0164/0011,BNDES PROLAPEC
PROD_495,0164/0012,BNDES PROLAPEC
PROD_496,0165/0003,BNDES - MODERN DA REDE HOSPITALAR INTEG AO SUS
PROD_497,0165/0002,BNDES - MODERN DA REDE HOSPITALAR INTEG AO SUS
PROD_498,0166/0005,BNDES MODERAGRO
PROD_499,0166/0006,BNDES MODERAGRO
PROD_500,0166/0007,BNDES PROPFLORA
PROD_501,0166/0008,BNDES PROPFLORA
PROD_502,0166/0009,BNDES PRODEFRUTA
PROD_503,0166/0010,BNDES PRODEFRUTA
PROD_504,0166/0011,PROG DE ESTIMULO A PRODUCAO AGROPEC SUSTENTAVEL
PROD_505,0166/0012,PROG DE ESTIMULO A PRODUCAO AGROPEC SUSTENTAVEL
PROD_506,0166/0013,PROG NAC DE FORTALECIMENTO DA AGRIC FAMILIAR
PROD_507,0166/0014,PROG NAC DE FORTALECIMENTO DA AGRIC FAMILIAR
PROD_508,0166/0015,PROG PARA RED DE EMIS DE GASES DE EF ESTUFA NA AGRIC
PROD_509,0166/0016,PROG PARA RED DE EMIS DE GASES DE EF ESTUFA NA AGRIC
PROD_510,0168/0001,FINAME AGRICOLA ESPECIAL
PROD_511,0168/0002,FINAME AGRICOLA ESPECIAL
PROD_512,0169/0001,NOSSOCREDITO - CAPITAL DE GIRO
PROD_513,0169/0002,NOSSOCREDITO - CAPITAL DE GIRO
PROD_514,0169/0003,NOSSOCREDITO - INVEST FIXO
PROD_515,0169/0004,NOSSOCREDITO - INVEST FIXO
PROD_516,0169/0005,MICROCREDITO EMPREENDEDORISMO CAPITAL DE GIRO PF
PROD_517,0169/0006,MICROCREDITO - INVEST FIXO
PROD_518,0169/0007,NOSSOCREDITO-RENEGOCIACAO A PRAZO
PROD_519,0169/0010,MICROCREDITO - RENEGOCIACAO A VISTA - BANESTES
PROD_520,0169/0008,MICROCREDITO - RENEGOCIACAO A PRAZO - BANESTES
PROD_521,0169/0009,NOSSOCREDITO - RENEGOCIACAO A VISTA
PROD_522,0169/0011,NOSSOCREDITO EMERGENCIAL
PROD_523,0169/0012,MICROCREDITO - CREDITAR
PROD_524,0169/0013,NOSSOCREDITO - CREDITAR
PROD_525,0169/0014,NOSSOCREDITO - CREDITAR - REPASSE
PROD_526,0169/0015,MICROCREDITO EMPREENDEDORISMO EMERGENCIAL
PROD_527,0169/0016,MICROCREDITO-INVEST FIXO-CLEAN
PROD_528,0169/0020,MICROCREDITO BNDES - CAPITAL DE GIRO
PROD_529,0169/0021,MICROCREDITO BNDES - CAPITAL DE GIRO
PROD_530,0169/0022,MICROCREDITO BNDES - INVEST FIXO
PROD_531,0169/0023,MICROCREDITO BNDES - INVEST FIXO
PROD_532,0169/0024,MICROCREDITO BNDES - RENEGOCIACAO A PRAZO
PROD_533,0169/0025,MICROCREDITO BNDES - RENEGOCIACAO A VISTA
PROD_534,0169/0026,CREDCOMUNIDADE
PROD_535,0169/0017,MICROCREDITO EMERGENCIAL COVID19
PROD_536,0169/0029,MICROCREDITO EMPREENDEDORISMO JUNTAS PJ
PROD_537,0169/0028,MICROCREDITO EMPREENDEDORISMO JUNTAS PF
PROD_538,0169/0018,MICROCREDITO EMPREENDEDORISMO CAPITAL DE GIRO PJ
PROD_539,0169/0019,MICROCREDITO RENEGOCIACAO PJ
PROD_540,0170/0001,MUTUARIO FINAL RECURSO PROPRIO
PROD_541,0170/0002,MUTUARIO FINAL REPASSE
PROD_542,0170/0003,MUTUARIO FINAL RECON
PROD_543,0170/0004,MERCADO DE HIPOTECA
PROD_544,0170/0005,RENEGOCIACAO ALIENACAO FIDUCIARIA
PROD_545,0171/0001,OUTROS CREDITOS-FINANC DE BENS NAO DE USO PROPRIO
PROD_546,0172/0001,CARTAO BNDES
PROD_547,0172/0002,CARTAO BNDES
PROD_548,0172/0003,CARTAO BNDES-CRIADO PARA FINS DE CALCULO
PROD_549,0174/0001,PLANO EMPRESARIO
PROD_550,0175/0001,CONDOMINIO
PROD_551,0176/0001,CONSTRUCAO ISOLADA CASA PROPRIA
PROD_552,0177/0001,REPASSE RESOLUCAO 2170
PROD_553,0178/0001,VISTORIA PARA SUBSTITUICAO DE GARANTIA
PROD_554,0179/0001,DEMONST. DEB. SALDO DEVEDOR
PROD_555,0180/0001,DEMONST. EVOLUCAO  FINANCEIRA
PROD_556,0181/0001,EMISSAO 2 VIA PREST. IMOBILIARIA.
PROD_557,0182/0001,ALTERACAO END. P. COBR. PREST. IMOB.
PROD_558,0183/0001,UTILIZ FGTS P AMORT. E LIQ. SALDO DEV.
PROD_559,0184/0001,UTILIZ FGTS P REDUCAO PREST. IMB.
PROD_560,0185/0001,EMISSAO 2 VIA COMPROV. IRSFH
PROD_561,0186/0001,CANC DEB PRESTACAO IMOBILIARIA
PROD_562,0187/0001,VISTORIA P SEGUROS DE DANOS   FISICOS
PROD_563,0188/0001,CONFECCAO PLANILHA FINANCEIRA PARA EMPRESAS
PROD_564,0189/0001,EMIS.2 VIA LIBER HIPOTECA
PROD_565,0190/0001,ADITIVO CONTRATUAL A PEDIDO DE EMPR.
PROD_566,0191/0001,TRANSFERENCIA DE PARTE IDEAL
PROD_567,0192/0001,FORNECIMENTO DE COPIAS DOC DIV.
PROD_568,0193/0001,MED OBRAS DUR FASE CONST. EXTRA
PROD_569,0194/0001,PRORROGACAO DE CARENCIA EMPRES.
PROD_570,0195/0001,CONF. FICHA SOCIO-ECON. ABERT. RENDA
PROD_571,0196/0001,PROCESSO PARA UTILIZACAO DO FIEL UTIL FIEL.
PROD_572,0197/0001,REVISAO INDICES DE MUTUARIOS
PROD_573,0198/0001,FAR - FICHA SOCIO-ECONOMICA DE ALTERACAO DE RENDA
PROD_574,0199/0001,DEMONSTRAT. DEBITO/ATRASO PREST IMOB.
PROD_575,0200/0001,OP. CREDITOS VINCULADOS - RECURSOS FGTS
PROD_576,0200/0002,OP. CREDITOS VINCULADOS - RECURSOS PROPRIOS
PROD_577,0200/0003,OP. CREDITOS VINCULADOS - RECURSOS MISTOS
PROD_578,0201/0001,"FINANC IMOVEL RES.PF - SFH - AVALIACAO ATE 500.000,00"
PROD_579,0201/0002,"FINANC IMOVEL RES PF-SFH-AVALIADO EM 500.000,01 A 1,5 MM"
PROD_580,0201/0003,"FINANC IMOVEL RES PF-SFH-FUNC SFB - AVALIADO ATE 500.000,00"
PROD_581,0201/0004,"FINAN IMOVEL RES.PF-SFH-FUNC SFB AVAL DE 500.000,01 A 1,5 MM"
PROD_582,0201/0005,"FINANC IMOVEL RES PF -SFH-FUNC PUB AVAL ATE 500.000,00"
PROD_583,0201/0006,"FINAN IMOVEL RES PF-SFH-FUNC PUB AVAL DE 500.000,01 A 1,5 MM"
PROD_584,0201/0007,REPACTUACAO DE CONTRATO IMOBILIARIO SFH
PROD_585,0201/0008,FINANC DE IMOVEL RESID NO SFI PJ IMOVEL ADQ EM LEILAO
PROD_586,0201/0009,OUTROS CREDITOS - FINAN IMOVEL RESID SFH - PF ADQ EM LEILAO
PROD_587,0201/0010,FINANC DE IMOVEL RESID SFI - PF IMOVEL ADQ EM LEILAO
PROD_588,0201/0012,FINANC IMOVEL COMERCIAL/TERRENO SFI - PJ(ADQUIRIDO LEILAO)
PROD_589,0201/0011,FINANC IMOVEL COMERCIAL SFI-PF (IMOVEL ADQUIRIDO LEILAO)
PROD_590,0201/0013,FINANC IMOBILIARIO PJ ISENTO DE IOF - SFI
PROD_591,0201/0014,FINANC PJ OPTANTE PELO SIMPLES SFI
PROD_592,0201/0015,FINANC DE TERRENO URBANO-CONVENIOS-CART HIPOT
PROD_593,0201/0016,"FINANC TERRENO URBANIZADO PF AVAL ATE 1.000.000,00."
PROD_594,0201/0017,FINANC IMOV RESID NOVO SFH ACIMA R$800 MIL - F.PUB E SFB
PROD_595,0201/0018,FINANC IMOV RESID NOVO SFH ACIMA R$800 MIL - PUB. GERAL
PROD_596,0202/0001,FINANC IMOVEL RESIDENCIAL-SFH - PARCERIAS
PROD_597,0203/0001,"FINANC IMOV RESID FORA SFH AVALIADO DE 1.500.000,01 A 2,5MM."
PROD_598,0204/0001,OUTROS CREDITOS-FINANC DE IMOVEIS(RES/COMERC/TERRENO)PJ MENS
PROD_599,0204/0002,OUTROS CREDITOS-FINANC IMOVEL NAO RESIDENCIAL PF MENSAL
PROD_600,0204/0003,OUTROS CREDITOS-FINANC DE IMOVEL RESIDENCIAL = PF
PROD_601,0205/0001,FORNECIMENTO DE COPIAS DE DOCUMENTOS DIVERSOS-POR FOLHA
PROD_602,0205/0002,FORNECIMENTO ATESTADOS E CERTS
PROD_603,0205/0003,2 VIA DE PRESTACAO IMOBILIARIA
PROD_604,0205/0004,2 VIA-EXTRATO P/ FINS DE IMPOSTO DE RENDA-SFH E FORA-SFH
PROD_605,0205/0005,2 VIA DE LIBERACAO HIPOTECA/CAUCAO
PROD_606,0205/0006,DECLARACAO(PARA DIVERSOS FINS)-POR DECLARACAO
PROD_607,0205/0007,TARIFA DE ANALISE DE APOLICE DE SEGURO HABIT INDIVIDUAL
PROD_608,0205/0008,UTILIZACAO DE FGTS 100%
PROD_609,0206/0001,"FINANC IMOVEL EMPRESARIAL-AQUISICAO PF AVALIADO ATE 2,0MM."
PROD_610,0206/0002,FINANC DE IMOVEL EMPRESARIAL E AFINS - AQUISICAO PJ
PROD_611,0206/0003,PORTABILIDADE FINANC. DE IMOVEL EMPRESARIAL - AQUISICAO PF
PROD_612,0207/0001,FINANC INFRAESTRUTURA E DESENVOLVIMENTO
PROD_613,0208/0001,FINANC IMOBILIARIO ASSOCIATIVO CONSTRUCAO - PJ - SFH
PROD_614,0208/0002,FINANC IMOBILIARIO ASSOCIATIVO CONSTRUCAO - PF - SFH
PROD_615,0211/0005,DEPOSITO INTERFINANCEIRO OVER / APLICACAO - SELIC
PROD_616,0211/0001,DEPOSITO INTERFINANCEIRO PRE-FIXADO - APLICACAO
PROD_617,0211/0002,DEPOSITO INTERFINANCEIRO POS FIXADO - APLICACAO
PROD_618,0211/0006,DEPOSITO INTERFINANCEIRO OVER / CAPTACAO - SELIC
PROD_619,0211/0003,DEPOSITO INTERFINANCEIRO - PRE-FIXADO - CAPTACAO
PROD_620,0211/0004,DEPOSITO INTERFINANCEIRO - POS FIXADO - CAPTACAO
PROD_621,0211/0007,DEPOSITO INTERFINANCEIRO OVER / APLICACAO - CETIP
PROD_622,0211/0008,DEPOSITO INTERFINANCEIRO OVER / CAPTACAO - CETIP
PROD_623,0212/0001,DEPOSITO INTERFINANCEIRO DE MICROCREDITO
PROD_624,0212/0002,DEPOSITO INTERFINANCEIRO VINCULADO AO CREDITO RURAL
PROD_625,0213/0001,CVS - COMPENSACAO DE VARIACAO SALARIAL - APLICACAO
PROD_626,0219/0001,ATESTADO DE CAPACIDADE FINANCEIRA
PROD_627,0220/0001,ATESTADO IDONEIDADE FINANCEIRA
PROD_628,0221/0001,CONFECCAO DE CADASTRO PF
PROD_629,0221/0002,CONFECCAO CADASTRO PJ
PROD_630,0221/0003,RENOVACAO DE CADASTRO PF
PROD_631,0221/0004,RENOVACAO CADASTRO PJ
PROD_632,0222/0001,INCLUSAO/RENOVACAO LIMITE DE CREDITO
PROD_633,0222/0002,REAVALIACAO DE LIMITE DE CREDITO
PROD_634,0222/0003,PRORROGACAO DE LIMITE DE CREDITO
PROD_635,0223/0001,INFORMACOES RESTRITIVAS EXTERNAS
PROD_636,0224/0001,INFORMACOES CADASTRAIS FINANCEIRAS
PROD_637,0224/0002,INFORMACAO DATA CLIENTE BANC DESDE DO SFN
PROD_638,0225/0001,TITULOS PUBLS EST LFTE - APLICACAO - OVER - SELIC
PROD_639,0225/0002,TITULOS PUBLS EST - LFTE - CAPTACAO - SELIC
PROD_640,0225/0003,TITULOS PUBLS EST - LFTE - APLICACAO - SELIC
PROD_641,0225/0004,TITULOS PUBLS EST - LFTE - CAPTACAO OVER - SELIC
PROD_642,0225/0005,TITULOS PUBLS EST - LFTE - APLICACAO OVER - CETIP
PROD_643,0225/0006,TITULOS PUBLS EST - LFTE - CAPTACAO OVER - CETIP
PROD_644,0225/0007,TITULOS PUBLS EST - LFTE - APLICACAO - CETIP
PROD_645,0225/0008,TITULOS PUBLS EST - LFTE - CAPTACAO - CETIP
PROD_646,0226/0001,TITULOS PUBLS MUN - LFTM - APLICACAO - OVER -SELIC
PROD_647,0226/0002,TITULOS PUBLS MUN - LFTM - CAPTACAO - SELIC
PROD_648,0226/0003,TITULOS PUBLS MUN - LFTM - APLICACAO - SELIC
PROD_649,0226/0004,TITULOS PUBLS MUN - LFTM - CAPTACAO OVER - SELIC
PROD_650,0226/0005,TITULOS PUBLS MUN - LFTM - APLICACAO OVER - CETIP
PROD_651,0226/0006,TITULOS PUBLS MUN - LFTM - CAPTACAO OVER - CETIP
PROD_652,0226/0007,TITULOS PUBLS MUN - LFTM - APLICACAO - CETIP
PROD_653,0226/0008,TITULOS PUBLS MUN - LFTM -CAPTACAO - CETIP
PROD_654,0227/0001,TITULOS PUBLS FEDERAIS- BBC - APLIC OVER
PROD_655,0227/0002,TITULOS PUBLS FEDERAIS - LTN - APLIC OVER
PROD_656,0227/0004,TITULOS PUBLS FEDERAIS - NTNH - APLICACAO - OVER
PROD_657,0227/0005,TITULOS PUBLS FEDERAIS - NTND - APLICACAO - OVER
PROD_658,0227/0006,TITULOS PUBLS FEDERAIS - NTNC - APLICACAO - OVER
PROD_659,0227/0003,TITULOS PUBLS FEDERAIS - BBC - CAPTA OVER
PROD_660,0227/0007,TITULOS PUBLS FEDERAIS - LTN - CAPTA OVER
PROD_661,0227/0008,TITULOS PUBLS FEDERAIS - NTNH - CAPTACAO - OVER
PROD_662,0227/0009,TITULOS PUBLS FEDERAIS - NTND - CAPTACAO - OVER
PROD_663,0227/0010,TITULOS PUBLS FEDERAIS - NTNC - CAPTACAO - OVER
PROD_664,0227/0011,TITULOS PUBLS FEDERAIS- BBC - APLICACAO
PROD_665,0227/0012,TITULOS PUBLS FEDERAIS -LTN - APLICACAO
PROD_666,0227/0014,TITULOS PUBLS FEDERAIS - NTND - APLICACAO
PROD_667,0227/0015,TITULOS PUBLS FEDERAIS - NTNC - APLICACAO
PROD_668,0227/0013,TITULOS PUBLS FEDERAIS - NTNH - APLICACAO
PROD_669,0227/0016,TITULOS PUBLS FEDERAIS - NTNH - CAPTACAO
PROD_670,0227/0017,TITULOS PUBLS FEDERAIS - LTN - CAPTACAO
PROD_671,0227/0018,TITULOS PUBLS FEDERAIS - LFT - APLICACAO
PROD_672,0227/0019,TITULOS PUBLS FEDERAIS - LFT - CAPTACAO
PROD_673,0227/0020,TITULOS PUBLS FEDERAIS - LFT - APLICACAO OVER
PROD_674,0227/0021,TITULOS PUBLS FEDERAIS - LFT - CAPTACAO OVER
PROD_675,0227/0022,TITULOS PUBLS FEDERAIS - BBC - CAPTACAO
PROD_676,0227/0023,TITULOS PUBLS FEDERAIS - NTND - CAPTACAO
PROD_677,0227/0024,TITULOS PUBLS FEDERAIS - NTNC - CAPTACAO
PROD_678,0227/0026,TITULOS PUBLS FEDERAIS - NTNB - APLICACAO
PROD_679,0227/0025,TITULOS PUBLS FEDERAIS - NTNB - APLICACAO
PROD_680,0250/0001,LETRAS HIPOTECARIAS CAPTACAO
PROD_681,0250/0002,LETRAS HIPOTECARIAS - APLICACAO
PROD_682,0250/0003,LETRAS DE CREDITO IMOBILIARIO
PROD_683,0250/0004,LETRAS DE CREDITO DO AGRONEGOCIO - LCA
PROD_684,0251/0001,LETRA FINANCEIRA SUBORDINADA
PROD_685,0252/0001,DEBENTURES - APLICACAO
PROD_686,0252/0002,DEBENTURES - CAPTACAO
PROD_687,0253/0001,LETRA FINANCEIRA
PROD_688,0258/0001,SWAP
PROD_689,0259/0001,SWAP
PROD_690,0260/0001,CERT DE DEPOSITO BANC PRE-FIXADO
PROD_691,0260/0002,CERT DE DEPOSITO BANC POS-FIXADO COM C CORRENTE
PROD_692,0260/0003,CERT DE DEPOSITO BANC - PRE-FIXADO - APLICACAO
PROD_693,0260/0004,CERT DE DEPOSITO BANC POS FIXADO - APLICACAO
PROD_694,0260/0005,CERT DE DEPOSITO BANC POS-FIXADO - SEM C/C
PROD_695,0260/0006,CERT DE DEPOSITO BANC POS-FIXADO - CORRENTE
PROD_696,0261/0001,POUPANCA BANESTES PF
PROD_697,0261/0002,POUPANCA P J COM FINS LUCRATIVOS
PROD_698,0261/0003,POUPANCA P J SEM FINS LUCRATIVOS
PROD_699,0261/0004,POUPANCA CRIANCA BANESTES
PROD_700,0261/0005,POUPANCA INTEGRADA A CONTA INVEST PF
PROD_701,0261/0006,POUPANCA INTEGRADA A CONTA INVEST PJ COM FINS LUCRAT.
PROD_702,0261/0007,POUPANCA INTEGRADA A CONTA INVEST PJ SEM FINS LUCRATI
PROD_703,0261/0008,DEPOSITO POUPANCA LIVRE INSTITUICAO SISTEMA FINANCEIRO
PROD_704,0261/0009,DEPOSITO POUPANCA LIVRE SETOR PUBL MUNICIPAL
PROD_705,0262/0001,CONTAS DE DEPOSITO DE CONSIG EM PGMTO
PROD_706,0263/0001,POUPANCA CORRENTE PF
PROD_707,0263/0002,POUPANCA CORRENTE PJ
PROD_708,0265/0001,DEPOSITO JUDICIAL COM REMUNERACAO
PROD_709,0266/0002,DEPOSITO A PRAZO COM REAPLICACAO AUTOMATICA - APLICACAO
PROD_710,0267/0001,DEPOSITO AVISO PREVIO
PROD_711,0268/0001,RECIBO DE DEPOSITO BANC PRE-FIXADO
PROD_712,0268/0002,RECIBO DE DEPOSITO BANC POS-FIXADO
PROD_713,0268/0003,RECIBO DE DEPOSITO BANC PRE FIXADO - APLICACAO
PROD_714,0268/0004,RECIBO DE DEPOSITO BANC - POS APLIC
PROD_715,0269/0001,PREST DE SERVICOS PARA CART DE TITULOS E VALORES MOBILIARIOS
PROD_716,0280/0001,DEPOSITO A VISTA SETOR PUBL MUNICIPAL
PROD_717,0280/0002,DEPOSITO C/C SETOR PRIVADO
PROD_718,0280/0003,DEPOSITO C/C- CONTA MANIA BANESTES
PROD_719,0280/0004,DEPOSITO A VISTA SETOR PUBL ESTADUAL
PROD_720,0280/0005,DEPOSITO A VISTA SETOR PUBL FEDERAL
PROD_721,0280/0006,DEPOSITO C/C - CONTA SIMPLIFICADA BANESTES
PROD_722,0280/0007,DEPOSITO C/C CONTA MEU SALARIO
PROD_723,0280/0008,DEPOSITO C/C MAIS FACIL
PROD_724,0280/0011,DEPOSITO A VISTA PODER JUDICIARIO ESTADUAL
PROD_725,0280/0010,DEPOSITO A VISTA PODER LEGISLATIVO MUNICIPAL
PROD_726,0280/0009,DEPOSITO A VISTA PODER LEGISLATIVO ESTADUAL
PROD_727,0280/0012,DEPOSITO A VISTA CAMPANHA ELEITORAL
PROD_728,0280/0013,DEPOSITO C/C-VERBA DE AUXILIO DO GOVERNO ESTADUAL
PROD_729,0280/0014,DEPOSITO C/C - COMPRA PREMIADA BANESCARD
PROD_730,0280/0015,C/C BIZI
PROD_731,0281/0001,DEVOLUCAO DE CHEQUES DEPOSITADOS - OUTROS BANCOS
PROD_732,0282/0001,C/C DE DEPOSITO PARA INVEST
PROD_733,0293/0001,FUNDO INVEST FINAN DIVIDA PUBLICA ESTADUAL
PROD_734,0294/0001,FUNDO MUTUO BANESTES DE INVEST EM ACOES
PROD_735,0294/0002,BANESTES FIC FIA BTG PACTUAL ABSOLUTO INSTITUCIONAL
PROD_736,0294/0003,BANESTES CAPITAL PROTEG-FDO INV COTAS FDO INV MULTI
PROD_737,0294/0004,BANESTES CAPITAL PROTEG II FUNDO DE INVEST MULTIMERC
PROD_738,0295/0001,INTERMED ATIVOS FINAN EM BOLSAS DE VALORES
PROD_739,0297/0001,TITULOS DE CAPITALIZACAO - BANESCAP
PROD_740,0297/0002,TITULOS DE CAPITALIZACAO - BANESCAP DE PGMTO UNICO
PROD_741,0298/0001,FUNDO INVEST FINAN BANESTES DERIVATIVOS 60
PROD_742,0298/0002,FI BANESTES RESERVA CAPITALIZACAO RENDA FIXA
PROD_743,0299/0001,BANESTES INVESTIDOR AUTOMATICO FI RF CURTO PRAZO
PROD_744,0299/0002,FI BANESTES INVEST MONEY RENDA FIXA
PROD_745,0299/0003,BANESTES VITORIA 500 FIC DE FI RENDA FIXA REFER DI
PROD_746,0299/0004,BANESTES VIP DI FIC DE FI RENDA FIXA REFER DI
PROD_747,0299/0005,FUNDO DE INVEST BANESTES INVEST PUBLIC
PROD_748,0299/0006,BANESTES VITORIA 500 FIC FI RENDA FIXA REFER DI
PROD_749,0299/0007,BANESTES INSTITUCIONAL FUNDO DE INVEST RENDA FIXA
PROD_750,0299/0008,BANESTES PREVIDENCIARIO FI RENDA FIXA REFER IMA-B
PROD_751,0299/0009,FUNDO DE INVEST BANESTES VGBL RENDA FIXA
PROD_752,0299/0010,FI BANESTES TESOURO AUTOMATICO RF CURTO PRAZO
PROD_753,0299/0011,FI BANESTES SOLIDEZ AUTOMATICO RENDA FIXA CURTO PRAZO
PROD_754,0299/0012,FUNDO DE INV EM COTAS DO FUNDO DE INV EM ACOES BTG PAC DIVID
PROD_755,0299/0013,BANESTES VALORES FIC DE FI RENDA FIXA REFER DI
PROD_756,0299/0014,BANESTES LIQUIDEZ FI RENDA FIXA REFER DI
PROD_757,0299/0015,FUNDOS DE INV BANESTES REFEREN IRF-M 1 TIT PUBL-RENDA FIXA
PROD_758,0299/0016,FIC DE FI BANESTES PROFISSIONAL LIBERAL REFER DI
PROD_759,0299/0017,BANESTES DEBENTURES INCENTIVADAS FIC DE FIM DE CRED PRIVADO
PROD_760,0299/0018,BANESTES ESTRATEGIA FIC DE FI RENDA FIXA
PROD_761,0299/0019,BANESTES DIVIDENDOS FIC DE FI DE ACOES
PROD_762,0299/0020,BANESTES GREEN STONE FUNDO DE INVEST RENDA FIXA
PROD_763,0299/0021,BANESTES FUNSES FIC DE FIM
PROD_764,0299/0022,BANESTES FUNDO DE INVEST RENDA FIXA CREDITO PRIVADO
PROD_765,0299/0028,BANESTES INVEST FACIL FI RENDA FIXA SIMPLES
PROD_766,0299/0031,BANESTES IMAB 5 TITULOS PUBLS FI RF LONGO PRAZO
PROD_767,0299/0030,BANESTES SELECTION FI RENDA FIXA CREDITO PRIVADO
PROD_768,0299/0033,BANESTES MULTIESTR FIC DE FI MULTIMERCADO
PROD_769,0299/0029,BANESTES EXPLORER INSTIT FIC DE FI RF LONGO PRAZO
PROD_770,0299/0032,BANESTES CRED CORP I FI EM COTAS DE FI RF CP LP
PROD_771,0299/0034,BANESTES SELECTION FI RENDA FIXA CREDITO PRIVADO
PROD_772,0300/0003,ARREC FEDERAL - INSS - GR 6
PROD_773,0300/0001,ARREC FEDERAL - TRIBUTOS FEDERAIS - DARF
PROD_774,0300/0002,ARREC FEDERAL - INSS - GPS
PROD_775,0300/0004,ARREC FEDERAL - DNER
PROD_776,0300/0005,ARREC FEDERAL - IBAMA
PROD_777,0300/0006,ARREC FEDERAL - CONTRIBUCOES SINDICAIS
PROD_778,0300/0007,ARREC FEDERAL - RECOLHIMENTO FGTS-GFIP
PROD_779,0300/0008,ARREC FEDERAL -RECOLHIMENTO FGTS -GRFP
PROD_780,0301/0001,ARREC ESTADUAL ICMS - FUNDAP
PROD_781,0301/0002,ARREC ESTADUAL - ICMS
PROD_782,0301/0003,ARREC ESTADUAL - IPVA
PROD_783,0301/0004,ARREC ESTADUAL - OUTRAS
PROD_784,0301/0005,ARREC ESTADUAL - ICMS - GNR
PROD_785,0302/0001,ARREC MUNICIPAL IPTU - ISS
PROD_786,0303/0001,ARREC CONCES. SERV. PUBL - ESCELSA
PROD_787,0303/0002,ARREC CONCES. SERV. PUBL - CESAN
PROD_788,0303/0003,ARREC CONCES. SERV. PUBL - TELEST
PROD_789,0303/0004,ARREC CONCES. SERV. PUBL - CAESB
PROD_790,0303/0005,ARREC CONCES. SERV. PUBL - CEB
PROD_791,0303/0006,ARREC CONCES. SERV. PUBL - TELEBRASILIA
PROD_792,0304/0001,ARREC OUTROS ORGAOS OFICIAIS - GNR SEC. OUT. EST.
PROD_793,0304/0002,ARREC OUTROS ORGAOS OFICIAIS -  GOV. DISTRITO FEDERAL
PROD_794,0305/0001,ARREC CARNES E ASSEMELHADOS
PROD_795,0306/0001,ARREC SISTEMA BANESTES
PROD_796,0307/0001,ARREC DE SEGURO OBRIGATORIO - DPVAT
PROD_797,0308/0001,ARREC - DEPOSITO A VISTA
PROD_798,0308/0002,ARREC - BENEFICIOS INSS
PROD_799,0320/0001,CONTRATOS DE INTERVENIENCIA.
PROD_800,0321/0001,CONTRATO TAXA DE ILUMIN. PUBLICA
PROD_801,0322/0001,COOPERACAO TEC. BANESTES X SEFA.
PROD_802,0323/0001,BANESTES X CEF - PAG FGTS
PROD_803,0324/0001,RECEPCAPO DA DECLARACAO IRPF
PROD_804,0325/0001,PGMTO  DE  REST.  IRPF.
PROD_805,0326/0001,CONVENIO SIP
PROD_806,0327/0001,DEBITO AUTOMATICO
PROD_807,0330/0001,CHEQUE EMPRESA
PROD_808,0330/0002,TARIFA DE FORNECIMENTO CHEQUE EMPRESA.
PROD_809,0331/0001,GUIA DE RETIRADA
PROD_810,0331/0002,"EMISSAO DE CHEQUE COM VALOR INFERIOR A RS 40,00"
PROD_811,0332/0001,FORNECIMENTO - TALONARIO DE CHEQUES PF E PJ
PROD_812,0332/0002,PROCESSAMENTO DE CHEQUE A DEBITO
PROD_813,0332/0003,MMMMMMM
PROD_814,0333/0001,TALONARIO DE CHEQUES - ADMINIST.PUB
PROD_815,0334/0001,DESBLOQUEIO DE TALONARIO CHEQUES
PROD_816,0334/0002,REATIVACAO FORNECIMENTO TALONARIO DE CHEQUES
PROD_817,0335/0001,EXCLUSAO DO CADASTRO DE EMITENTES DE CH SEM FUNDOS (CCF) PF
PROD_818,0335/0002,CANCELAMENTO DE PRE-ENVIO NO CCF
PROD_819,0335/0003,EXCLUSAO DO CADASTRO DE EMITENTES DE CH SEM FUNDOS (CCF) PJ
PROD_820,0336/0001,SUSTACAO-OPOSICAO (POR CHEQUE)
PROD_821,0337/0001,DEPOSITO INTERAGENCIA - TODAS AS FAIXAS DE CONTA
PROD_822,0337/0002,AUTODEPOSITO INTERAGENCIA
PROD_823,0337/0003,AUTODEPOSITO NA AGENCIA DA CONTA (A PARTIR DO 23 NO MES)
PROD_824,0337/0005,DEPOSITO IDENTIFICADO NA AGENCIA DA CONTA.
PROD_825,0337/0006,DEPOSITO IDENTIFICADO INTERAGENCIAS.
PROD_826,0337/0004,DEPOSITO NA CC NO GUICHE DE CAIXA DA AG DA CONTA - 23 NO MES
PROD_827,0338/0001,TALOES VIA CORREIOS (POR REMESSA)
PROD_828,0339/0001,SAQUE INTERAGENCIA
PROD_829,0339/0002,SAQUE CARTAO EFETUADO GUICHE DE CAIXA
PROD_830,0339/0003,SAQUE SEM CARTAO BANESTES
PROD_831,0340/0001,CHEQUE ADMINISTRATIVO
PROD_832,0341/0001,CUSTODIA DE RECEBIVEIS
PROD_833,0341/0002,CUSTODIA CHEQUES
PROD_834,0341/0003,CUSTODIA - CAUCAO DE CHEQUES
PROD_835,0341/0004,CUSTODIA - CHEQUES DESCONTADOS
PROD_836,0341/0005,CUSTODIA - CHEQUE ELETRONICO
PROD_837,0341/0006,CUSTODIA - DESCONTO DE CHEQUES ELETRONICO
PROD_838,0341/0007,CUSTODIA - CAUCAO DE CHEQUES ELETRONICO
PROD_839,0341/0008,CUSTODIA - VISANET
PROD_840,0341/0009,CUSTODIA - CAUCAO DE VISANET
PROD_841,0341/0010,CUSTODIA - DESCONTO DE VISANET
PROD_842,0341/0011,CUSTODIA BANESCARD
PROD_843,0341/0012,CUSTODIA - CAUCAO DE BANESCARD
PROD_844,0341/0013,CUSTODIA - DESCONTO BANESCARD
PROD_845,0341/0015,CUSTODIA CAUCAO MASTERCARD
PROD_846,0341/0016,CUSTODIA - DESCONTO MASTERCARD
PROD_847,0341/0017,CUSTODIA - BANESCARD CESSAO
PROD_848,0341/0018,CUSTODIA - DESCONTO BANESCARD CESSAO
PROD_849,0341/0019,CUSTODIA - CAUCAO BANESCARD CESSAO
PROD_850,0341/0014,CUSTODIA CARTAO MASTERCARD
PROD_851,0342/0001,RECEBIMENTO DE DIVERSOS NO CAIXA
PROD_852,0342/0002,TRANSACOES FINANCEIRAS A DEBITO NO GUICHE DE CAIXA - PF
PROD_853,0342/0003,PROCESSAMENTO DE CHEQUE A CREDITO-VIA GUICHE DE CAIXA
PROD_854,0342/0004,TED/DOC - EMITIDO POR NAO CORRENTISTA
PROD_855,0343/0001,NUMERO PARA REAPROVEITAMENTO
PROD_856,0344/0001,EXTRATO MENSAL - PLATAFORMA DE ATENDIMENTO
PROD_857,0344/0002,EXTRATO MENSAL - TERMINAL ELETRONICO
PROD_858,0344/0003,EXTRATO SEMANAL
PROD_859,0344/0004,SALDO DE C/C - A PARTIR DO SEGUNDO NO DIA
PROD_860,0344/0005,DISQUE BANESTES A PARTIR DA NONA LIGACAO NO MES
PROD_861,0344/0006,TARIFA DE ENVIO EXTRATO EM MEIO MAGNETICO.
PROD_862,0345/0001,CHEQUE DEVOLVIDO PELO SERVICO DE COMPENSACAO MOTIVOS 11 A 14
PROD_863,0345/0002,ACATAMENTO DE CHEQUES (POR CHEQUE)
PROD_864,0346/0001,CHEQUE TRANSFERENCIA BANCARIA (POR FOLHA)
PROD_865,0347/0001,DOC - EMITIDO POR CORRENTISTA NO GUICHE DE CAIXA
PROD_866,0347/0002,DOC - EMITIDO POR CORRENTISTA EM MEIOS ELETRONICOS
PROD_867,0347/0003,TED - EMITIDO POR CORRENTISTA EM MEIOS ELETRONICOS
PROD_868,0348/0001,MANUTENCAO DE CONTA PF
PROD_869,0348/0002,CONTA PARALISADA HA MAIS DE 6 MESES
PROD_870,0348/0003,TARIFA SOBRE EMISSAO DE DECLARACAO DE RES. PARA TEL CELULAR
PROD_871,0348/0004,RELATORIO COM INFORMACOES CADASTRAIS E FINANCEIRAS
PROD_872,0349/0001,CESTA MULTIVANTAGENS BANESTES - MODALIDADE COMPLETA
PROD_873,0349/0002,CESTA MULTIVANTAGENS BANESTES - MODALIDADE ECONOMICA
PROD_874,0349/0003,CESTA MULTIVANTAGENS BANESTES - MODALIDADE BASICA
PROD_875,0349/0004,CESTA MULTIVANTAGENS BANESTES - MODALIDADE EXECUTIVA 1
PROD_876,0349/0005,TRANSACOES EXCEDENT CESTA MULTIVANTAG E CONTA SIMPLIFIC
PROD_877,0349/0006,TRANSACOES COM CHEQUE A DEBITO C/C - CESTA
PROD_878,0349/0007,CESTA MULTIVANTAG BANESTES MODALIDADE EXECUTIVA 2
PROD_879,0349/0008,CESTA MULTIVANTAG BANESTES MODALIDADE EXECUTIVA 3
PROD_880,0349/0009,CESTA MULTIVANTAG BANESTES MODALIDADE EXECUTIVA 4
PROD_881,0349/0010,CESTA MULTIVANTAG BANESTES MODALIDADE COMPLETA PLUS
PROD_882,0349/0011,PACOTE PADRONIZADO DE SERVICOS PRIORITARIOS
PROD_883,0349/0012,CESTA MULTIVANTAG - MODALIDADE C/C MAIS FACIL
PROD_884,0349/0014,CONTA MULTIVANTAG -MODALIDADE EMPREEND INDIVIDUAL
PROD_885,0349/0013,CONTA MULTIVANTAGENS BANESTES - MICROEXECUTIVA
PROD_886,0349/0015,CESTA MULTIVANTAGEM BANESTES MODALIDADE BASICA PLUS
PROD_887,0349/0016,PACOTE PADRONIZADO DE SERVICOS PRIORITARIOS 2
PROD_888,0349/0017,PACOTE PADRONIZADO DE SERVICOS PRIORITARIOS 3
PROD_889,0349/0018,PACOTE PADRONIZADO DE SERVICOS PRIORITARIOS 4
PROD_890,0350/0001,ORDEM DE PGMTO
PROD_891,0351/0001,DOC DOCUMENTO DE CREDITO
PROD_892,0360/0001,CARTAO MAG BANESTES - SAQUE DA C/C CASH DISPENSER
PROD_893,0360/0002,CARTAO MAG BANESTES SAQUE C/C BCO 24 HORAS
PROD_894,0360/0003,CARTAO MAG BANESTES - SAQUE REDE VERDE AMARELA
PROD_895,0360/0004,CARTAO MAG BANESTES - CHEQUE ELETRONICO
PROD_896,0360/0005,CARTAO MAG BANESTES - BLOQUEIO
PROD_897,0360/0006,CARTAO MAG BANESTES - DESBLOQUEIO
PROD_898,0360/0007,CARTAO MAG BANESTES - CANCELAMENTO
PROD_899,0360/0008,CARTAO MAG BANESTES - RENOVACAO
PROD_900,0360/0009,CARTAO MAG BANESTES - SALDO BANCO 24 HORAS
PROD_901,0360/0010,CARTAO MAG BANESTES - SAQUE NO CAIXA
PROD_902,0360/0011,CARTAO MAGNETICO - REDESHOP
PROD_903,0360/0012,CARTAO MAG BANESTES - MANUTENCAO
PROD_904,0370/0002,TARIFA SOBRE TRANS. ELETR VIA HOME BANKING A DEBITO
PROD_905,0370/0001,HOME BANKING
PROD_906,0370/0003,TARIFA SOBRE TRANS. ELETR VIA HOME BANKING A CREDITO
PROD_907,0371/0001,INTERNET BANKING
PROD_908,0371/0002,TARIFA SOBRE TRANS.ELETR VIA INTERNET BANKING A DEBITO
PROD_909,0371/0003,TARIFA SOBRE TRANS.ELETR VIA INTERNET BANKING A CREDITO
PROD_910,0372/0001,AUTO ATENDIMENTO
PROD_911,0372/0002,TARIFA SOBRE TRANS.ELETR VIA AUTO ATENDIM A DEBITO
PROD_912,0372/0003,TARIFA SOBRE TRANS.ELETR VIA AUTO ATENDIM A CREDITO
PROD_913,0372/0004,TARIFA SOBRE TRANS.PAG.CONTA DE CONSUMO VIA AUTO ATENDIMENTO
PROD_914,0373/0001,BANESTES SMS
PROD_915,0374/0001,APLICATIVO BANESTES
PROD_916,0379/0001,COBRANCA PARCELADA BANESTES
PROD_917,0380/0001,COBRANCA CONVENCIONAL
PROD_918,0381/0001,COBRANCA POR RELACAO
PROD_919,0382/0001,COBRANCA SEM REGISTRO
PROD_920,0383/0001,COBRANCA PRE IMPRESSA COM REGISTRO MANUAL
PROD_921,0384/0001,COBRANCA ELETRONICA
PROD_922,0385/0001,EMISSAO 2a. VIA BLOQUETO COBRANCA
PROD_923,0386/0001,PRORROGACAO DE VENCIMENTO
PROD_924,0387/0001,MANUTEN MENSAL DE TITULO VENCIDO
PROD_925,0388/0001,REMESSA DE TITULO PARA PROTESTO
PROD_926,0389/0001,SUBST TITULO REMET. PARA PROTESTO
PROD_927,0390/0001,EMISSAO DE CARTA DE ANUENCIA
PROD_928,0391/0001,DECLARACAO SOBRE PGTO E ALTERACAO DE DADOS CADASTRAIS
PROD_929,0392/0001,COBRANCA - INDICE DE DEVOLUCAO DE T'ITULOS
PROD_930,0393/0001,DEVOLUCAO DE TITULOS
PROD_931,0394/0001,INDICE DE LIQUIDEZ
PROD_932,0395/0001,LIQUIDACOES NO MES
PROD_933,0396/0001,VALOR MEDIO DOS TITULOS
PROD_934,0400/0001,PGMTO DE SALARIOS - VIA CHEQUE SALARIO
PROD_935,0400/0003,PGMTO DE SALARIOS - CREDITO EM CONTA POR RELACAO
PROD_936,0400/0002,PGMTO DE SALARIOS - CREDITO EM CONTA MEIO MAGNETICO
PROD_937,0400/0004,PGMTO DE SALARIOS VIA RECIBO DE PGMTO
PROD_938,0400/0005,PGMTO DE SALARIOS VIA CARTAO
PROD_939,0401/0001,PGMTO BENEFICIO INSS - CREDITO EM CONTA
PROD_940,0401/0002,PGMTO BENEFICIO INSS - CARTAO MAGNETICO
PROD_941,0401/0003,PGMTO BENEFICIO INSS - CARNE
PROD_942,0401/0004,PGMTO BENEFICIO INSS - RECIBO.
PROD_943,0402/0002,PGMTO A FORNECEDORES - RELACAO
PROD_944,0402/0001,PGMTO A FORNECEDORES - MEIO MAGNETICO
PROD_945,0409/0001,RENEGOCIACAO DE DIVIDAS - FUNCIONARIOS PREJUIZO P/SFB
PROD_946,0409/0002,RENEGOCIACAO DE DIVIDAS-PF EM NOME DE MAGISTRADOS
PROD_947,0410/0001,REESTRUTURACAO DE DIVIDA ATRASO PF
PROD_948,0410/0002,REESTRUTURACAO DE DIVIDA ATRASO PJ
PROD_949,0410/0003,REESTRUTURACAO DE DIVIDAS PREJUIZO PF
PROD_950,0410/0004,REESTRUTURACAO DE DIVIDAS PREJUIZO PJ
PROD_951,0410/0005,RENEGOCIACAO DE DIVIDAS MANUAL - PF
PROD_952,0410/0006,RENEGOCIACAO DE DIVIDAS MANUAL - PJ
PROD_953,0410/0007,RENEGOCIACAO DE DIVIDAS FUNCIONARIOS - SFB
PROD_954,0410/0008,RENEGOCIACAO DE DIVIDAS BH/BR - PF
PROD_955,0410/0009,RENEGOCIACAO DE DIVIDAS BH/BR - PJ
PROD_956,0410/0010,REESTRUTURACAO DE DIVIDAS PGMTO A VISTA PF E PJ
PROD_957,0410/0011,RENEGOCIACAO DE DIVIDAS - PF - GERENTES AD/EXCESSO
PROD_958,0410/0012,RENEGOCIACAO DE DIVIDAS SEM DESCONTO - PF
PROD_959,0410/0013,RENEGOCIACAO DE DIVIDAS SEM DESCONTO - PJ
PROD_960,0410/0014,REESTRUTURACAO DE DIVIDA JUDICIAL PF ATRASO
PROD_961,0410/0015,REESTRUTURACAO DE DIVIDA JUDICIAL PJ ATRASO
PROD_962,0410/0016,REESTRUTURACAO DE DIVIDA JUDICIAL PF PREJUIZO
PROD_963,0410/0017,REESTRUTURACAO DE DIVIDA JUDICIAL PJ PREJUIZO
PROD_964,0410/0018,REESTRUT DE DIVIDA A VISTA PF E PJ ACORDOS NOS AUTOS
PROD_965,0410/0019,RENEG DE DIVIDAS-CONSIG EM FP DESCARACTERIZADA
PROD_966,0410/0020,RENEG DE DIVIDAS - FUNC.PROG SOCIO ECONOMICO
PROD_967,0410/0021,REESTRUT DE DIVIDAS - ASSUMIDA POR TERCEIROS - PF
PROD_968,0410/0022,REESTRUT DE DIVIDAS - ASSUMIDA POR TERCEIROS - PJ
PROD_969,0410/0023,RENEGOCIACAO DE DIVIDAS - COMPROR E VENDOR - PJ
PROD_970,0410/0024,RENEGOCIACAO DE DIVIDAS CARTAO BANESCARD
PROD_971,0410/0025,RENEGOCIACAO DE DIVIDAS - CANAIS ELETRONICOS PF
PROD_972,0410/0026,RENEGOCIACAO DE DIVIDAS - CANAIS ELETRONICOS PJ
PROD_973,0410/0027,REESTRUTU DE DIVIDAS PJ - PARCELA ENCARGOS NA CARENCIA
PROD_974,0410/0028,REESTRUT JUDICIAL PJ - PAGTO ENCARGOS NA CARENCIA
PROD_975,0410/0029,RENEG PJ-ASSUMIDA P/TERCEIROS C/PAGTO ENC NA CARENCIA
PROD_976,0410/0030,RENEGOCIACAO -PF- BANESTES FINANCEIRA
PROD_977,0410/0031,RENEGOCIACAO-PJ- BANESTES FINANCEIRA
PROD_978,0410/0035,RENEGOCIACAO DE DIVIDAS COVID-19-PJ-ACORDO NOS AUTOS
PROD_979,0410/0034,RENEGOCIACAO DE DIVIDAS COVID-19 PF ACORDO NOS AUTOS
PROD_980,0410/0032,RENEGOCIACAO DE DIVIDAS COVID-19-PF
PROD_981,0410/0033,RENEGOCIACAO DE DIVIDAS COVID-19-PJ
PROD_982,0410/0040,REESTRUT DE DIVIDAS COM DESCONTO NO CONTABIL
PROD_983,0410/0043,REESTRUT DE DIVIDAS EM PREJUIZO ZERA DIVIDAS MAIS
PROD_984,0410/0041,REESTRUT DE DIVIDAS EM ATRASO ZERA DIVIDAS MAIS
PROD_985,0420/0001,BAIXA DE IMPEDIMENTO DE REESTRUTURACAO DE DIVIDAS
PROD_986,0430/0001,PREVIDENCIA BANESTES
PROD_987,0430/0002,PLANO GERADOR DE BENEFICIO LIVRE - BANESTES
PROD_988,0500/0001,COMPULSORIO SOBRE DEPOSITO A VISTA
PROD_989,0500/0002,COMPULSORIO SOBRE DEPOSITO DE POUPANCA
PROD_990,0500/0003,COMPULSORIO SOBRE DEPOSITO A PRAZO
PROD_991,0500/0004,COMPULSORIO SOBRE OPERACOES DE MICROCREDITO
PROD_992,0500/0005,COMPULSORIO DE DEPOSITO PREVIO DA COMPENSACAO
PROD_993,0500/0006,COMPULSORIO ADICIONAL SOBRE DEPOSITOS
PROD_994,0500/0007,COMPULSORIO SOBRE CREDITO RURAL
PROD_995,0500/0008,COMPULSORIO SOBRE CREDITO IMOBILIARIO
PROD_996,0501/0001,LETRAS HIPOTECARIAS - APLICACAO
PROD_997,0501/0002,CERTIF DE DEPOSITO BANC - OUTROS BANCOS - APLICACAO
PROD_998,0501/0003,RECIBO DE DEPOS BANC - OUTROS BANCOS - APLICACAO
PROD_999,0501/0004,TITULOS PUBLS FEDERAIS - LFT - APLICACAO
PROD_1000,0501/0005,FUNDO DE RENDA FIXA - APLICACAO
PROD_1001,0502/0001,BANESTES CLUBE SEGURO VIDA PF
PROD_1002,0502/0002,BANESTES CLUBE SEGURO VIDA NOTA 10
PROD_1003,0503/0001,BANESTES CLUBE SEGURO ACIDENTES PESSOAIS PF
PROD_1004,0503/0002,PROTEGE PROTEC PARA ACID PESSOAIS DA BANESTES SEG
PROD_1005,0504/0001,BANESTES CLUBE SEGURO VIDA EMPRESA
PROD_1006,0504/0002,BANESTES CLUBE SEGURO VIDA EMPRESA SIMPLIFICADO
PROD_1007,0504/0003,BANESTES CLUBE SEGURO VIDA EMPRESA CAPITAL DEFINIDO
PROD_1008,0504/0004,BANESTES CLUBE SEGURO VIDA EMPRESA CAPITAL GLOBAL
PROD_1009,0504/0005,BANESTES CLUBE SEGURO VIDA - VIDA FLEX PA2007
PROD_1010,0504/0006,BANESTES CLUBE SEGURO VIDA - VIDA FLEX PD2007
PROD_1011,0504/0007,VIDA SEGURA -  RISCOS GRAVOSOS
PROD_1012,0504/0008,VIDA SEGURA - RISCOS NORMAIS
PROD_1013,0510/0001,CERT DE DEPOSITO BANC - POS FIXADO - APLICACAO
PROD_1014,0510/0002,LETRAS HIPOTECARIAS - APLICACAO
PROD_1015,0510/0003,FUNDO BANESTES VIP DI - APLICACAO
PROD_1016,0511/0001,SINACOR EMPRESTIMO
PROD_1017,0511/0002,SINACOR OPCOES
PROD_1018,0511/0003,SINACOR RENDA FIXA
PROD_1019,0511/0004,SINACOR VISTA
PROD_1020,0511/0007,SINACOR CADASTRO
PROD_1021,0511/0006,SINACOR OPERACOES EQUITIES
PROD_1022,0511/0005,SINACOR TESOURO DIRETO
PROD_1023,0511/0008,SINACOR EMPRESTIMO
PROD_1024,0520/0001,EXPORTACAO BNDES - EXIM PRE-EMBARQUE
PROD_1025,0520/0002,EXPORTACAO BNDES - EXIM PRE-EMBARQUE ESPECIAL
PROD_1026,0520/0003,EXPORTACAO BNDES - EXIM POS-EMBARQUE
PROD_1027,0520/0004,EXPORTACAO BNDES - EXIM REPASSE
PROD_1028,0521/0001,PROG DE CREDITO RURAL DIFERENCIADO - APLICACAO
PROD_1029,0521/0002,PROG DE CREDITO RURAL DIFERENCIADO - REPASSE
PROD_1030,0521/0003,PROG NAC DE FORTALEC  A AGRIC FAMILIAR - INVEST
PROD_1031,0521/0004,PROG NAC DE FORTALEC A AGRIC FAMILIR - REPASSE
PROD_1032,0522/0001,FINAME AUTOMATICO
PROD_1033,0522/0002,BNDES INVEST
PROD_1034,0522/0003,BNDES REPASSE
PROD_1035,0522/0004,FINAME REPASSE
PROD_1036,0522/0005,FUNGETUR - REPASSE
PROD_1037,0522/0006,FUNGETUR - FUNDO GERAL DE TURISMO
PROD_1038,0522/0007,PREFEITURAS
PROD_1039,0522/0008,FUNRES INVEST - PRE
PROD_1040,0522/0009,FUNRES INVEST - POS
PROD_1041,0522/0010,FUNRES REPASSE -  PRE
PROD_1042,0522/0018,OUTROS ORGAOS REPASSE POS
PROD_1043,0522/0015,OUTROS ORGAOS INVEST - PRE
PROD_1044,0522/0017,OUTROS ORGAOS REPASSE - PRE
PROD_1045,0522/0016,OUTROS ORGAOS INVEST - POS
PROD_1046,0522/0011,FUNRES REPASSE - POS
PROD_1047,0522/0012,BANDES INVEST - PRE
PROD_1048,0522/0013,BANDES INVEST - POS
PROD_1049,0522/0014,BANDES NEGOCIACAO
PROD_1050,0523/0001,TITULOS PUBLS FEDERAIS - BBC - APLICACAO
PROD_1051,0523/0002,TITULOS PUBLS FEDERAIS - LTN - APLICACAO
PROD_1052,0523/0003,TITULOS PUBLS FEDERAIS - LFT - APLICACAO
PROD_1053,0523/0004,TITULOS PUBLS FEDERAIS - APLICACAO
PROD_1054,0524/0001,DEPOSITO INTERFINANCEIRO PRE-FIXADO - APLICACAO
PROD_1055,0524/0002,DEPOSITO INTERFINANCEIRO POS-FIXADO - APLICACAO
PROD_1056,0524/0003,DEPOSITO INTERFINANCEIRO OVER - APLICACAO
PROD_1057,0525/0001,CERTIF DE DEPOSITO BANC - PRE-FIXADO - APLICACAO
PROD_1058,0525/0002,CERTIF DE DEPOSITO BANC - POS-FIXADO - APLICACAO
PROD_1059,0526/0001,IMOVEIS NAO DE USO
PROD_1060,0526/0002,IMOVEIS NAO DE USO
PROD_1061,0560/0001,CERT DE DEPOSITO BANC POS FIXADO - APLICACAO
PROD_1062,0560/0002,TITULOS PUBLS FEDERAIS - LFT - APLICACAO OVER
PROD_1063,0560/0003,TITULOS PUBLS FEDERAIS LFT - APLICACAO
PROD_1064,0561/0001,CLUBE DE INV DOS EMPRG DO SISTEMA BANESTES MARLIN AZUL
PROD_1065,0600/0001,CDC VEICULOS BANES AUTO PF
PROD_1066,0600/0002,CDC MOTOS BANES AUTO PF
PROD_1067,0600/0003,CDC VEICULOS GEREL PF
PROD_1068,0600/0004,CDC MOTOS GEREL PF
PROD_1069,0600/0005,CDC VEICULOS GEREL PJ
PROD_1070,0600/0006,CDC MOTOS GEREL PJ
PROD_1071,0600/0007,CDC VEICULOS - AGENCIAS - PJ
PROD_1072,0600/0008,CDC MOTOS - AGENCIAS - PJ
PROD_1073,0600/0009,CDC VEICULOS - AGENCIAS
PROD_1074,0600/0011,CDC VEICULOS AGENCIA PJ
PROD_1075,0600/0010,CDC VEICULOS AGENCIAS
PROD_1076,0700/0001,TARIFA SOBRE TRANSACOES A DEBITO NO CORRESPONDENTE BANC
PROD_1077,0799/0008,BANESTES INSTITUCIONAL FUNDO DE INVEST RENDA FIXA
PROD_1078,0799/0001,BANESTES INVESTIDOR AUTOMATICO FI RF CURTO PRAZO
PROD_1079,0799/0002,FI BANESTES INVEST MONEY RENDA FIXA
PROD_1080,0799/0004,BANESTES VIP DI FIC DE FI RENDA FIXA REFER DI
PROD_1081,0799/0003,BANESTES VITORIA 500 FIC DE FI RENDA FIXA REFER DI
PROD_1082,0799/0026,BANESTES FUNSES FIC DE FIM
PROD_1083,0799/0024,BANESTES DIVIDENDOS FIC DE FI DE ACOES
PROD_1084,0799/0005,BANESTES INVEST PUBLIC AUTOM FI RENDA FIXA CURTO PRAZO
PROD_1085,0799/0006,BANESTES VITORIA 500 FIC DE FI RENDA FIXA REFER DI
PROD_1086,0799/0011,BANESTES IMA-B TITULOS PUBLS FI RENDA FIXA
PROD_1087,0799/0023,BANESTES ESTRATEGIA FIC DE FI RENDA FIXA
PROD_1088,0799/0012,FUNDO DE INVEST BANESTES VGBL RENDA FIXA
PROD_1089,0799/0013,FI BANESTES TESOURO AUTOM RENDA FIXA CURTO PRAZO
PROD_1090,0799/0015,BANESTES FIC DE FI DE ACOES BTG PACTUAL ABSOLUTO
PROD_1091,0799/0014,BANESTES SOLIDEZ AUTOM FI RENDA FIXA CURTO PRAZO
PROD_1092,0799/0022,BANESTES FIC INCENTIVADO INFRAESTR RF CRED PRIVADO
PROD_1093,0799/0019,BANESTES IRF-M1 TITULOS PUBLS FI RF
PROD_1094,0799/0018,BANESTES LIQUIDEZ FI RENDA FIXA REFER DI
PROD_1095,0799/0016,BANESTES VALORES FIC DE FI RENDA FIXA REFER DI
PROD_1096,0799/0027,BANESTES FUNDO DE INVEST RENDA FIXA CREDITO PRIVADO
PROD_1097,0799/0028,BANESTES INVEST FACIL FI RENDA FIXA SIMPLES
PROD_1098,0799/0033,BANESTES MULTIESTRATEGIA FI EM COTAS DE FI MULTIMERC
PROD_1099,0799/0032,BANESTES CREDITO CORP I FI EM COTAS DE FI RF CP LP
PROD_1100,0799/0031,BANESTES IMAB 5 TITULOS PUBLS FI RF LONGO PRAZO
PROD_1101,0799/0030,BANESTES SELECTION FI RENDA FIXA CREDITO PRIVADO
PROD_1102,0799/0029,BANESTES EXPLORER INSTIT FIC DE FI RF LONGO PRAZO
PROD_1103,0799/0034,BANESTES SELECTION FI RENDA FIXA CREDITO PRIVADO
PROD_1104,0800/0001,BTG PACTUAL S P 500 BRL FUNDO DE INVEST MULTIMERCADO
PROD_1105,0800/0004,BTG PACTUAL TESOURO IPCA CURTO FI RENDA FIXA REFER
PROD_1106,0800/0002,BTG PACTUAL CREDITO CORPORATIVO IFIQ DE FI DE RF CP LP
PROD_1107,0800/0003,BTG PACTUAL CDB PLUS FUNDO DE INVESTS RENDA FIXA CP
PROD_1108,0800/0005,BTG PACTUAL TESOURO IPCA GERAL FI RENDA FIXA REFER
PROD_1109,0800/0006,BTG PACTUAL TESOURO IPCA LONG FI RENDA FIXA REFER